ISO_639,Language_Name,Print_Name,In_Script,Romanization
prs,Dari,فارسی,T,Farsi
haz,Hazaragi,آزرگی‎,T,Azoragi
mnj,Munji,منجانی,T,Munjani
uzs,"Uzbek, Southern",ﯣزبېک,T,o'zbek
als,"Albanian, Tosk",Shqip,,
arq,"Arabic, Algerian Spoken",اللهجة الجزائرية,T,Lahja Djazairia
arq,"Arabic, Algerian Spoken"," العامية",T,El'aamia
kab,Amazigh,Taqbaylit,,
kab,Amazigh,Tazwawt,,
thv,"Tamahaq, Tahaggart",Tamahaq,,
kmb,Kimbundu,Kimbundu,,
lch,Luchazi,Chiluchazi,,
ccp,Chakma,Changma Vaj,,
gnw,"Guaraní, Western Bolivian","Guaraní	",,
gyr,Guarayu,Gwarayu,,
ign,Ignaciano,Inaciànurupi,,
mzp,Movima,Chosineɬ di' mowi:maj,,
khu,Nkumbi,Ocinkumbi,,
nyk,Nyaneka,Olunyaneka,,
kua,Oshiwambo,Oshiwambo,,
kua,Oshiwambo,Oshikwanyama,,
umb,Umbundu,Umbundu,,
dhm,Dhimba,Oludhimba,,
aig,Leeward Caribbean English Creole,Creole,,
crq,"Chorote, Iyo'wujwa",Yojwaja,,
qus,"Quichua, Santiago del Estero",Quichua,,
tob,Toba,Qom l’aqtac,,
mzh,Pilcomayo Wichí,Wichí Lhamtés,,
wlv,Bermejo Wichí,wichi,,
hye,Armenian,հայերեն,T,Hayeren
gub,Guajajára,Zeʼegete,,
bkc,Baka,baka,,
bkh,Bakoko,Bakoko,,
mxu,Mada,Maɗa,,
maf,Mafa,Mafa,,
mcp,Makaa,Məkaá,,
kbh,Camsá,Camëntsá,,
cbc,Carapana,Carapana,,
cub,Cubeo,Pamié,,
aly,Alyawarr,Alyawarr,,
are,"Arrarnta, Western",Arrente,,
aer,"Arrernte, Eastern",Arrernte,,
awk,Awabakal,Awabakalkoba,,
bvr,Burarra,Gu-jingarliya,,
dhg,Dhangu-Djangu,Dhangu-Djangu,,
dif,Diyari,Dieri,,
djr,Djambarrpuyngu,Djambarrpuyngu,,
gni,Gooniyandi,Gooniyandi,,
rop,Kriol,Kriol,,
mpj,Martu Wangka,Martu Wangka,,
mwf,Murrinh-Patha,Murrinh-Patha,,
nay,Ngarrindjeri,Ngarrindjeri,,
ntj,Ngaanyatjarra,Ngaanyatjarra,,
pjt,Pitjantjatjara,Pitjantjatjara,,
tiw,Tiwi,Tiwi,,
tcs,Torres Strait Creole,Yumplatok,,
wbp,Warlpiri,Warlpiri,,
wim,Wik-Mungkan,Wik-Mungknh,,
jao,Yanyuwa,Yanyuwa,,
bar,Bavarian,Boarisch,,
azj,"Azerbaijani, North",Azərbaycan dili,,
azj,"Azerbaijani, North",Azərbaycanca,,
kjj,Khinalugh,Kətşi Miż,,
tly,Talysh,Tolışi,T,
tkr,Tsakhur,Ts`əxna miz,,
udi,Udi,udin muz,,
abv,"Arabic, Baharna Spoken",البحرانية,T,al-bahrania
ben,Bengali,বাংলা,T,Bangla
ctg,Chittagonian,চাঁটগাঁইয়া বুলি,T,Caṭgãia Buli
rmz,Marma,မရမာ,T,Mraima
mro,Mru,Mru,,
rkt,Rangpuri,রংপুরী,T,Rangpuri
syl,Sylheti,Sileti,,
syl,Sylheti,ছিলটী,T,Silôṭi
usi,Usoi,Kaobrung,,
bel,Belarusian,беларуская мова,T,Biełaruskaja mova
vls,West Flemish,West-Vlams,,
wln,Walloon,Walon,,
bzj,Belize English Creole,Kriol,,
mop,"Maya, Mopán",Maya Mopán,,
ajg,Aja,Ajagbe,,
blo,Anii,Anii,,
bba,Baatonum,Baatonum,,
beh,Biali,Byali,,
bqc,Boko,Bòó,,
ddn,Dendi,Songhay,,
tbz,Ditammari,Ditammari,,
idd,Ede Idaca,Ìdàáshà,,
fon,Fon,Fɔngbè,,
fod,Foodo,Fóodo,,
fue,"Fulfulde, Borgu",Fulfulde,,
ayb,"Gbe, Ayizo",Ayizo Gbe,,
sxw,"Gbe, Saxwe",Saxwɛgbe,,
guw,Gun,Gungbe,,
soy,Miyobe,Mɛyɔ́pɛ,,
mkl,Mokole,Ede-Mɔkɔle,,
ntm,Nateni,Naàteǹni,,
wwa,Waama,Waama,,
pil,Yom,Yom,,
dzo,Dzongkha,རྫོང་ཁ་,T,Dzongkha
xkz,Kurtokha,Kurtöp,,
tsj,Tshangla,ཆང་ལོ་,T,Tshanglo
ayr,"Aymara, Central",Aymar aru,,
ayr,"Aymara, Central",Aymar,,
cap,Chipaya,Chipaya,,
ese,Ese Ejja,Ese'ejja,,
gui,"Guaraní, Eastern Bolivian",Guaraní,,
qul,"Quechua, North Bolivian",Quechua,,
quh,"Quechua, South Bolivian",Runasimi,,
mtp,Weenhayek,'weenhayeklhàmet,,
mtp,Weenhayek,'weenhayeklhayhi',,
yuq,Yuqui,Biá yë,,
bos,Bosnian,Bosanski jezik,T,
xkv,Kgalagadi,Shekgalagari,,
nhr,Naro,Naro,,
shg,Shua,Shua,,
tsn,Setswana,Setswana,,
yey,Yeyi,Shiyeyi,,
txu,Kayapó,Mẽbêngôkre kabẽn,,
run,Rundi,Ikirundi,,
cja,"Cham, Western",Chăm,,
apn,Apinayé,Apinayé,,
aap,"Arára, Pará",Ukarãngmã,,
asu,"Asurini, Tocantins",Asuriní,,
bkq,Bakairí,Kurâ,,
bor,Borôro,Boe Wadáru,,
ram,Canela,Canela,,
dny,Dení,Madiha,,
gvc,Wanano,Kotiria,,
gun,"Guaraní, Mbyá",Nhandeayvu,,
hix,Hixkaryána,Hixkaryána,,
hrx,Hunsrik,Hunsrik,,
hrx,Hunsrik,Riograndenser Hunsrickisch,,
jup,Hupdë,Hup,,
fun,Iatê,Iatê,,
jaa,Jamamadí,Jamamadí,,
jua,Júma,Kagwahiva,,
urb,Kaapor,Kaapor,,
urb,Kaapor,awa je’ẽha,,
kbc,Kadiwéu,Goniwoladi ejiwajegi,,
kmv,Karipuna French Creole,Lanc-Patuá,,
cul,Kulina,Madiha,,
mbc,Macushi,Makusi,,
wmd,Mamaindê,Mamainsahai'gidu,,
mzr,Marubo,Yora,,
mbl,Maxakalí,Tikmũ'ũn Yĩy'ax,,
myu,Mundurukú,Mõnjoroko,,
mbj,Nadëb,Nadëb,,
yrl,Nhengatu,Ñe’engatú,,
plu,Palikúr,Pa'ikwaki,,
kre,Panará,Panãra pẽẽ,,
pab,Parecís,Haliti,,
pad,Paumarí,Pamoari,,
myp,Pirahã,Xapaitíiso,,
rkb,Rikbaktsa,Rikbaktsa,,
mav,Sateré-Mawé,Satere Mawe,,
sru,Suruí,Paiter,,
taf,Tapirapé,Apyãwa,,
pah,Tenharim,Kagwahiva,,
ter,Terêna,Emo'u xâne,,
tca,Ticuna,ticunagaxũ,,
tuo,Tucano,Dasea ye,,
waw,Waiwai,UaiUai,,
oym,Wayampi,Wajãpi,,
xav,Xavánte,A’uwẽ,,
xer,Xerénte,Akwẽ,,
yab,Yuhup,Yuhup,,
kxd,Brunei,Brunei,,
kxd,Brunei,Melayu Brunei,,
kxd,Brunei,ملايو بروني,T,Melayu Brunei
bul,Bulgarian,български език,T,bălgarski ezik
bfo,"Birifor, Malba",Bɩrfʋɔr,,
bib,Bisa,Bɩsa,,
bwq,"Bobo Madaré, Southern",Boboda,,
box,Buamu,Buamu,,
cme,Cerma,Cerma,,
dgi,"Dagara, Northern",Dagara,,
dnn,Dzùùngoo,Dzùùngoo,,
dnn,Dzùùngoo,Kpankagooma,,
gux,Gourmanchéma,Gourma,,
gna,Kaansa,Kã́asa,,
knz,Kalamsé,Sàmó,,
xrb,"Karaboro, Eastern",Kai Yor,,
xsm,Kasem,Kasem,,
bbo,Konabéré,Kʋnabɩrɩ,,
kfz,Koromfé,Koromfe,,
lob,Lobi,'Lobiire,,
lee,Lyélé,Lyélé,,
mos,Mòoré,Mòoré,,
nnw,"Nuni, Southern",Nʋnɩ,,
pug,Phuie,Phuieŋ,,
pug,Phuie,Phuĩé,,
sbd,"Samo, Southern",San,,
sep,"Sénoufo, Sìcìté",Sìcijuungé,,
sld,Sissala,Sɩ́ssalɩ́,,
wib,"Toussian, Southern",Wĩ́nwɛ́y,,
kst,Winyé,Winɩ́ɛ,,
khm,Khmer,ខ្មែរ,T,Khmer
krr,Krung,គ្រឹង,T,kreung
tpu,Tampuan,តំពួន,T,Tampuon
agq,Aghem,Aghɨ̂m,,
bss,Akoose,Akoose,,
azo,Awing,Mbɨ̂wiŋə,,
bbk,Babanki,Ga'a-Kejom,,
bbw,Supapya,Súpǎpyāˀ,,
bfj,Bafanji,Chufie',,
ksf,Bafia,Rikpa,,
bfd,Bafut,Bɨfɨɨ̀,,
bbq,Bamali,Chɔpəchɔp,,
bmo,Bambalang,Chrambo,,
bqt,Bamukumbit,Achab a Maŋkɔ̧,,
bvm,Bamunka,Niemeng,,
bax,Bamun,Shüpamom,,
bcw,Bana,kwəmà ká bàná,,
bgj,Bangolan,Mədəŋkyɛ,,
bas,Basaa,Basaa,,
bzv,Naami,Naami,,
bum,Bulu,Bulu,,
bmv,Bum,Bum,,
bhs,Buwal,Ma Buwal,,
cuv,Cuvok,Cuvakw,,
dbq,Daba,Daba,,
anv,Denya,Denya,,
dur,Dii,Ya̧g dìì,,
dow,Doyayo,Dooya̰a̰yɔ,,
dua,Duala,Duala,,
add,Lidzonka,Lidzonka,,
ekm,Elip,Nulíbíe,,
ags,Esimbi,Eshimbi,,
ewo,Ewondo,Ewondo,,
fak,Fang,Benjube Fenga,,
fmp,Fe'fe',fè'éfě'è,,
fmp,Fe'fe',nùfī,,
fub,"Fulfulde, Adamawa",Fulfulde,,
fub,"Fulfulde, Adamawa",ڢُلْڢُلْدٜ,T,Fulfulde
gou,Gavar,Ma Gavar,,
bbj,Ghomálá',Ghomálá',,
gid,Gidar,ma Kaɗa,,
kmp,Gimme,Gimma,,
giz,Giziga,Giziga,,
gyi,Gyele,Gyele,,
xed,Hdi,Hdi,,
bec,Iceve-Maci,Iceve,,
jim,Jimjimen,Jimjimən,,
jbu,Jukun Takum,Njikum,,
kkj,Kako,Kakɔ,,
kzr,Karang,Karaŋ,,
dmo,Kemedzung,Kɨmədzuŋ,,
ndb,Kenswei Nsei,Nsei,,
ken,Kenyang,Kɛnyaŋ,,
biw,Kol,Bòkól,,
bkm,Kom,Itangikom,,
ozm,Koonzime,Kɔɔnzime,,
gnd,Zulgo-Gemzek,Zulgo,,
gnd,Zulgo-Gemzek,Gemzek,,
ike,"Inuktitut, Eastern Canadian",ᐃᓄᒃᑎᑐᑦ,T,Inuktitut
ikt,Inuinnaqtun,Inuinnaqtun,,
ikt,Inuinnaqtun,ᐃᓄᐃᓐᓇᖅᑐᓐ,T,Inuvialuktun
kea,Kabuverdianu,Kabuverdianu,,
kea,Kabuverdianu,Kriol,,
shu,"Arabic, Chadian Spoken",العربية,T,alearabia
kqp,Kimré,Gawra,,
kia,Kim,Garab,,
kwu,Kwakum,Kwakum,,
knp,Kwanja,Kwànjâ,,
nmg,Kwasio,Kwasio,,
lns,Lamnso',Lamnso',,
lfa,Lefa,Lɨfa’,,
lmp,Limbum,Limbum,,
mcs,Mambai,dâg tì mà̧mbày,,
mcu,"Mambila, Cameroon",Jù Bà,,
mfh,Matal,Matal,,
dkx,Mazagway-Hidi,Mazagway-Hidi,,
xmd,Mbudum,Ma Mbudum,,
nza,"Mbembe, Tigon",Mbémbe,,
mqb,Mbuko,Mbuko,,
byv,Medumba,Medumba,,
iyo,Mesaka,Ugarə,,
mgo,Meta',Mɨta’,,
nfu,Mfumte,Mfɨ́ti,,
mmu,Mmaala,Numála,,
bfm,Mmen,Ewâmnèə Mə̂yn,,
mif,Mofu-Gudur,Mey Mafaw,,
mif,Mofu-Gudur,Mey aŋgwa,,
mlw,Moloko,Ma Mǝloko,,
mgg,Mpumpong,Mpumpoŋ,,
mnf,Mundani,ndɨ̧ Mundàni,,
mug,Musgu,Mulwi,,
muy,Muyang,ma Muyaŋ,,
ncr,Nchane,Nchane,,
nnh,Ngiemboon,Shwoge,,
ngj,Ngie,Ungie,,
nla,Ngombale,Ngombale,,
jgo,Ngomba,Cú-Mbɔ́ndaa,,
jgo,Ngomba,Cú-Ŋgɔmbaa,,
njy,Njyem,Njyem,,
lem,Nomaande,Nɔmaándɛ́,,
nhu,Noone,Nooni,,
yas,Nugunu,Nugunu,,
oku,Oku,Əblam Əbkuo,,
bdu,Oroko,Oroko,,
pbi,Parkwa,Gwaɗi Parəkwa,,
pfe,Pere,Pɛrɛ,,
wes,"Pidgin, Cameroon",Pidgin,,
pny,Pinyin,Àshwəŋnə̀ Pìnyinə,,
asj,Sari,Sari,,
tik,Tikar,lɛ̀ʼ Tikarì,,
bag,Tuki,Tukí,,
tui,Tupuri,jäāk Tüpürï,,
mlr,Vame,Vamé,,
mfi,Wandala,Wandala,,
udl,Wuzlam,Wuzlam,,
yam,Yamba,Yamba,,
yav,Yangben,Nuasúɛ,,
yko,Iyasa,Iyasa,,
ybb,Yemba,Yemba,,
abe,"Abenaki, Western",Alnôbak,,
alq,Algonquin,Anicinàbemowin,,
atj,Atikamekw,Atikamekw,,
bcr,Babine,Nedut'en,,
bea,Beaver,Danezaa ZaageɁ,T,Danezaa Zaage
bla,Blackfoot,Siksiká,,
crx,Carrier,Dakelh,,
caf,"Carrier, Southern",Dakelh,,
cay,Cayuga,Gayogo̱hó:nǫ',,
clc,Chilcotin,Tŝinlhqot’in,,
crm,"Cree, Moose",ᐃᓕᓖᒧᐧᐃᓐ,T,ililîmowin
crl,"Cree, Northern East",ᐄᔨᔫ ᐊᔨᒨᓐ,T,Īyiyū Ayimūn
crl,"Cree, Northern East",Iyiyiw-Ayimiwin,,
crk,"Cree, Plains",Nēhiyawēwin,,
crk,"Cree, Plains",ᓀᐦᐃᔭᐍᐏᐣ,T,nēhiyawēwin
crj,"Cree, Southern East",ᐄᓅ ᐊᔨᒨᓐ,T,Īnū Ayimūn
csw,"Cree, Swampy",ᓀᐦᐃᓇᐍᐏᐣ,T,nêhinawêwin
cwd,"Cree, Woods",ᓀᐦᐃᖬᐍᐏᐣ,T,nīhithawīwin
cwd,"Cree, Woods",Nīhithawīwin,,
chp,Dene,Dënesųłıné,,
dgr,Tlicho,Tłı̨chǫ Yatıì,,
git,Gitxsan,Gitsenimx,,
gwi,Gwich'in,Dinju Zhuh K'yuu,,
hdn,"Haida, Northern",X̱aat Kíl,,
geh,Hutterisch,Hutterisch,,
kkz,Kaska,Danezāgé’,,
kut,Kutenai,Ktunaxa,,
kwk,Kwakwala,Kwakwala,,
pqm,Malecite-Passamaquoddy,Peskotomuhkati Wolastoqewi Latuwewakon,,
mic,Mi'kmaq,Míkmawísimk,,
mic,Mi'kmaq,L'nui'simk,,
moh,Mohawk,Kanien'kéha,,
moe,Innu,Innu,,
moe,Innu,Innu Aimun,,
umu,Munsee,Huluníixsuwaakan,,
nsk,Naskapi,Naskapi,,
nsk,Naskapi,ᐃᔪᐤ ᐃᔨᒧᐅᓐ,T,Iyuw Iyimuuun
nsk,Naskapi,ᓇᔅᑲᐱ,T,Naskapi
ncg,Nisga'a,Nisga'a,,
ojg,"Ojibwa, Eastern",Nishnaabemwin,,
ojg,"Ojibwa, Eastern",Jibwemwin,,
ojb,"Ojibwa, Northwestern",Nakawēmowin,,
ojs,Oji-Cree,ᐊᓂᐦᔑᓂᓃᒧᐏᐣ,T,Anishininiimowin
ojw,"Ojibwa, Western",Anishnaubemowin,,
ojw,"Ojibwa, Western",Nakawēmowin,,
oka,Okanagan,Nsyilxcən,,
one,Oneida,Onʌyota’a:ka,,
ono,Onondaga,Onoñda'géga',,
otw,Ottawa,Nishnaabemwin,,
otw,Ottawa,Daawaamwin,,
pdt,Plautdietsch,Plautdietsch,,
sek,Sekani,Tsek'ene,,
scs,"Slavey, North",Satúotine Yatí,,
xsl,"Slavey, South",Deh Gáh Ghotie Zhatie,,
sto,Stoney,Ĩyãħé Nakoda,,
tsi,Tsimshian,Sm'algyax,,
gbv,Gbanu,Gbanu,,
gbp,Gbaya-Bossangoa,Gbɛya,,
gso,"Gbaya, Southwest",Nu Gbaya,,
ksp,Kabba,Kabba,,
mzv,Mandja,Mänzä,,
mcx,Mpiemo,Mpyemɔ,,
nzk,Nzakara,Nzakala,,
sag,Sango,Sango,,
axk,Yaka,Yaâkâ,,
bmi,Bagirmi,Barma,,
bva,Barein,Barayin,,
bjv,Bedjond,Bedjond,,
bjv,Bedjond,Nangnda,,
bid,Bidiyo,Bidiya,,
glc,Bon Gula,Êeni,,
bdm,Buduma,Yedǝnami,,
djc,"Daju, Dar Daju",Dajiŋge,,
daa,Dangaléat,Daŋla,,
dzg,Dazaga,Dazaga,,
gab,Gabri,Maja,,
gvl,Gulay,Guley,,
hed,Herdé,Zime Pala,,
kwg,"Kaba Démé, Sara",Sara Kaba Ɗem,,
kwg,"Kaba Démé, Sara",Ɗem,,
kwv,"Kaba Naa, Sara",Sara Kaba Naa,,
kwv,"Kaba Naa, Sara",Naa,,
kbl,Kanembu,Kanembu,,
kyq,Kenga,Taar Cɛŋɛ,,
ker,Kera,Keera,,
xuo,Kuo,Kúo,,
lln,Lele,Lele,,
mde,Maba,Bura Mabang,,
mge,Mango,Mangɔ,,
mpg,Marba,Marba,,
mcn,Masana,Massana,,
mcw,Mawa,Maaw,,
myb,Mbay,Mbaï,,
mmy,Migaama,Migaama,,
mou,Mogum,Mogume,,
moz,Mukulu,Gergiko,,
mua,Mundang,záá múndàŋ,,
mse,Musey,Museyna,,
nnc,Nancere,Nangjere,,
sba,Ngambay,Ngambay,,
nzy,Nzakambay,Nzakambay,,
mwm,Sar,tà Sàᶉ̄,,
sok,Sokoro,Soŋoroŋ,,
tuq,Tedaga,Tudaga,,
mdw,Mbosi,Embɔ́sí,,
ngz,Ngungwel,Engungwel,,
kyf,Kouya,Sɔkɔwɛlɩ,,
zna,Zan Gula,More,,
arn,Mapudungun,Mapudungun,,
rap,Rapa Nui,Rapa Nui,,
yag,Yámana,Háusi Kúta,,
acn,Achang,Ngachang,,
bca,"Bai, Central",白语,T,Baip‧ngvp‧zix
bfs,"Bai, Southern",白语,T,Baip‧ngvp‧zix
gan,"Chinese, Gan",Jiangxi hua,,
hak,"Chinese, Hakka",客家話,T,Hakkafa
cjy,"Chinese, Jinyu",晋语,T,Jin
cmn,"Chinese, Mandarin",普通话,T,Putonghua
cdo,"Chinese, Min Dong",闽东话,T,Mindongyu
cdo,"Chinese, Min Dong",平話,T,Bangua
nan,"Chinese, Min Nan",闽南语,T,Minnanyu
wuu,"Chinese, Wu",Wu Nyu,,
wuu,"Chinese, Wu",江南话,T,Jiāngnánhuà
wuu,"Chinese, Wu",江浙話,T,Jiangsu-Zhejiang hua
hsn,"Chinese, Xiang",湘语,T,Xiang
yue,"Chinese, Yue",粵語,T,Yueyu
sce,Dongxiang,Santa,,
hni,Hani,Ha Nhi,,
ium,Iu Mien,Iu Mienh,,
mji,Kim Mun,Kim Mun,,
mji,Kim Mun,Kem di mun,,
lhi,Lahu Shi,Lad hur Si,,
lhu,Lahu,Ladhof,,
lis,Lisu,Lisu,,
lis,Lisu,ꓡꓲ-ꓢꓴ,T,Li-su
khb,Lü,ᦅᧄᦺᦑᦟᦹᧉ,T,Kam Tai Lue
hmd,"Miao, Large Flowery",A-Hmao,,
mww,Hmong Daw,Hmongb Dleub,,
iii,Nuosu,Nuosu,,
iii,Nuosu,ꆈꌠꉙ,T,Nuosuhxop
hmz,Sinicized Miao,Hmongb Shuat,,
tdd,Tai Nüa,ᥖᥭᥰᥖᥬᥳᥑᥨᥒᥰ,T,tai taɯ xoŋ
bod,"Tibetan, Central",བོད་སྐད།,T,bod.skad
bod,"Tibetan, Central",བོད་ཡིག།,T,bod.yig
uig,Uyghur,ئۇيغۇر تىلى,T,Uyghur tili
uig,Uyghur,ئۇيغۇرچە,T,Uyghurche
wbm,"Wa, Vo",Vax,,
atb,Zaiwa,Zaiwâ,,
zgn,"Zhuang, Guibian",壮语,T,Zhuàngyǔ
zhn,"Zhuang, Nong",kauq Noangz,,
zhn,"Zhuang, Nong",kauq Daez,,
zyg,"Zhuang, Yang",壮语徳靖,T,Deijing Zhuang
zyg,"Zhuang, Yang",佒壯,T,Yang zhuàng
arh,Arhuaco,Iku,,
kwi,Awa-Cuaiquer,Awapit,,
bsn,Barasana-Eduria,Jãnerã-Eduria Oca,,
cui,Cuiba,Cuiba-Wámonae,,
kpc,Curripaco,Kurripako,,
cto,Embera Catío,Ẽ́bẽra Katío,,
cmi,Embera Chamí,ẽbẽra,,
cmi,Embera Chamí,ẽbẽra bed̶ea,,
tdc,Embera Tadó,Ẽpẽra Pedea,,
sja,Epena,Epéna Pedée,,
sja,Epena,Eperã pedee,,
guh,Guahibo,Hivi,,
gum,Misak,Namdrik,,
guo,Guayabero,Jiwjame,,
bkx,Baikeno,Baikeno,,
bkx,Baikeno,Uab Metô,,
dga,"Dagaare, Southern",Dagaare,,
dag,Dagbani,Dagbanli,,
ada,Dangme,Dangme,,
hto,"Witoto, Minika",Huitoto Mɨnɨca,,
kog,Kogi,Kaugiañ,,
coe,Koreguaje,Koʼrevajʉ chʉʼo,,
kvn,"Kuna, Border",Tule,,
myy,Macuna,Masa ye,,
mbp,Malayo,Dʉmʉna,,
bmr,Muinane,Muinane,,
pbb,Nasa,Nasa Yuwe,,
pio,Piapoco,Wenewika,,
snn,Siona,Gantëya coca,,
tnc,Tanimuca-Letuama,Wejeñememaja,,
tav,Tatuyo,Tatuyo ye,,
tuf,"Tunebo, Central",Uw Cuwa,,
bao,Waimaha,Waimaja,,
yui,Wajiara,Wajiaraye,,
guc,Wayuu,Wayuunaiki,,
ycn,Yucuna,Yucuna,,
yup,Yukpa,Yukpa,,
wni,"Comorian, Ndzwani",Shindzwani,,
zdj,"Comorian, Ngazidja",Shingazidja,,
beq,Beembe,Kibeembe,,
bkw,Bekwel,Bɛkwyel,,
dde,Doondo,Doondo,,
mkw,Kituba,Kituba,,
ifm,Teke-Wuumu,Ifumu,,
vif,Vili,Civili,,
pnh,Penrhyn,Mangarongaro,,
pnh,Penrhyn,Tongareva,,
pkp,Pukapuka,Te Leo Wale,,
rkh,Rakahanga-Manihiki,Rakahanga-Manihiki,,
rar,Cook Islands Maori,Te Reo Maori,,
bzd,Bribri,Bribri,,
cjp,Cabécar,Cabécar,,
abu,Abure,ɔbule ɔyʋɛ,,
adj,Adioukrou,Mↄjukru,,
ald,Alladian,Alladian,,
any,Anyin,Anyin,,
ati,Attié,-Atshe,,
avi,Avikam,Avikam,,
bjw,Bakwé,Bakʋɛwii,,
bci,Baoulé,Wawle,,
bev,"Bété, Daloa","""Bhɛtɩ Gbʋ",,
bet,"Bété, Guiberoua",ʼbhɛtɩgbʋʋ ʼmö,,
gud,"Dida, Yocoboué",Dída,,
ebr,Tchaman,Tyaman,,
god,Godié,-gwëjewälɩɩ',,
goa,Guro,Golo,,
kny,Kanyok,Kanyok,,
ktu,Kituba,Kituba,,
ktu,Kituba,Kikongo ya leta,,
kmw,Komo,Kikomo,,
niy,Ngiti,Ndruna,,
avl,"Arabic, Eastern Egyptian Bedawi Spoken",بدوي,T,Badawi
arz,"Arabic, Egyptian Spoken",مصري,T,Masri
arz,"Arabic, Egyptian Spoken",عامي,T,Ammi
lgn,Opo,T'apo,,
lgn,Opo,T'azita,,
gax,"Oromo, Borana-Arsi-Guji",Afaan Oromoo,,
hae,"Oromo, Eastern",Afaan Oromoo,,
ted,"Krumen, Tepo",-tepowin,,
kzc,"Kulango, Bondoukou",Kolango,,
nku,"Kulango, Bouna",Bouna Kulango,,
moa,Mwan,Mwan,,
nwb,Nyabwa,Nyabobɔgʋ,,
dyi,"Sénoufo, Djimini",Jinmiire,,
sev,"Sénoufo, Nyarafolo",Nyaʔafolido,,
lor,Téén,Téén,,
neb,Toura,Wɛɛn,,
wob,Wè Northern,Wɛɛ,,
wec,Wè Western,Wèè,,
jud,Worodougou,Wüödughukakan,,
yre,Yaouré,Yɔwlɛ,,
hrv,Croatian,Hrvatski,,
acy,"Arabic, Cypriot Spoken",Sanna,,
ces,Czech,Čeština,,
ces,Czech,Český jazyk,,
alz,Alur,Dho Alur,,
bxg,Bangala,Bangala,,
bmb,Bembe,Ebembe,,
brf,Bira,Kibira,,
bip,Bila,NULL,,
buu,Budu,ɨɓʉdʉ,,
diz,Ding,Kidiŋ,,
doo,Dongo,Dhɔ̀ngɔ̀kɔ́,,
flr,Fuliiru,Kifuliiru,,
kwy,"Kongo, San Salvador",Kikongo,,
kng,Koongo,Kikongo,,
led,Lendu,Bbaledha,,
lik,Lika,Liliko,,
lin,Lingala,Lingala,,
loq,Lobala,Loɓala,,
log,Logo,Lògòti,,
lua,Luba-Kasai,Tshiluba,,
lub,Luba-Katanga,Kiluba,,
mdi,Mamvu,Tengo,,
mdj,Mangbetu,Nɛ́mangbɛtʉ,,
mdm,Mayogo,Madyɵgɵ,,
mdp,Mbala,Gimbala,,
zmz,Mbandja,Mbandja,,
lol,Mongo-Nkundu,Lɔmɔngɔ,,
mnh,Mono,Mɔnɔ,,
nnb,Nande,Kinande,,
nga,Ngbaka,Ngbaka,,
ngb,"Ngbandi, Northern",Ngbandi,,
nbw,"Ngbandi, Southern",Ngbandi-Ngiri,,
nyg,Nyindu,Kinyindu,,
omi,Omi,Òmíti,,
pae,Pagibete,Pagabete,,
rnd,Ruund,Uruund,,
sng,Sanga,Kisanga,,
shr,Shi,Mashi,,
sub,Suku,Kisuku,,
swc,"Swahili, Congo",Kiswahili,,
tbt,Tembo,Chitembo,,
yns,Iyansi,Iyansi,,
yom,Yombe,Kiyoombi,,
zne,Zande,Pa-Zande,,
dan,Danish,Dansk,,
kem,Kemak,Ema,,
tdt,Tetun Dili,Tetun Dili,,
cbi,Chachi,Cha'Palaa,,
con,Cofán,A'ingae,,
cof,Tsafiki,Tsafiki,,
qud,"Quichua, Calderón Highland",Runa Shimi,,
qud,"Quichua, Calderón Highland",Kichwa Shimi,,
qxr,"Quichua, Cañar Highland",Runa Shimi,,
qxr,"Quichua, Cañar Highland",Kichwa Shimi,,
qug,"Quichua, Chimborazo Highland",Runa Shimi,,
qug,"Quichua, Chimborazo Highland",Kichwa Shimi,,
qvi,"Quichua, Imbabura Highland",Runa Shimi,,
qvi,"Quichua, Imbabura Highland",Kichwa Shimi,,
qvj,"Quichua, Loja Highland",Runa Shimi,,
qvz,"Quichua, Northern Pastaza",Runa Shimi,,
qxl,"Quichua, Salasaca Highland",Runa Shimibi,,
qxl,"Quichua, Salasaca Highland",Salasaca Shimibi,,
quw,"Quichua, Tena Lowland",Runa Shimi,,
sey,Paicoca,Paicoca,,
jiv,Shuar,Shuar Chicham,,
auc,Waorani,Wao Tededö,,
cop,Coptic,ϯⲙⲉⲧⲣⲉⲙⲛ̀ⲭⲏⲙⲓ,T,timetremənkʰēmi
ppl,Nahuat,Nahuat,,
bng,Benga,Benga,,
bvb,Bube,Böbë,,
fab,Fa d'Ambu,Fa d'Ambu,,
fan,Fang,Fang,,
fpe,Equatorial Guinean Pidgin,Pichi,,
nui,Kombe,Kombe,,
byn,Bilen,ብሊን,T,Blin
byn,Bilen,Blin,,
kun,Kunama,Kunama,,
nrb,Nara,Nara,,
ssy,Saho,Saaho,,
tig,Tigré,ትግራይት,T,Tigrayit/Tigraayit
ekk,"Estonian, Standard",Eesti Keel,,
vro,Võro,Võro kiil,,
aiw,Aari,አፋን፡ኣሪ፡,T,Áfan ārí
aar,Afar,Qafar af,,
amh,Amharic,ኣማርኛ,T,Amarəñña
agj,Argobba,ዓርጎባ,T,Argoba
awn,Awngi,አውጚ,T,Awŋi
myf,Màwés Aasʼè,Màwés Aasʼè,,
bst,Basketo,ባስኬ፟ት,T,Basəke፟tə
bcq,Bench,Benc’non,T,
wti,Berta,Ndú Benishangulú,,
bwo,Borna,Borna,,
bji,Burji,Burji,,
bji,Burji,ቡረጊ,T,Burji
dsh,Daasanach,Af Daasanach,,
gdl,Dirasha,Dhirayta,,
mdx,Dizin,Diizin,,
mdx,Dizin,Diizi-nuog,,
gmv,Gamo,Gamotso,,
gwd,Ale,Qale,,
drs,Gedeo,ጌዴኡፈ,T,gedeʾufä
gez,Geez,ግዕዝ,T,Gəʿəz
gof,Gofa,Goofatho,,
guk,Gumuz,Sa-Gumuz,,
hdy,Hadiyya,Hadiyyisa,,
har,Harari,ሃራሪ,T,Gey Sinan
ior,Inor,ኢኖር,T,Inori
kbr,Kafa,Kafi noono,,
ktb,Kambaata,Kambaatissata,,
kxc,Konso,Afaa Xonso,,
kxc,Konso,አፈ ኾንሶ,T,äfä honəso
kqy,Koorete,Koorete,,
kqy,Koorete,Koori Nuuna,,
kmq,Gwama,Gwama,,
kmq,Gwama,Ttwa Gwama,,
liq,Libido,Libido,,
mpe,Majang,Ato Majangerongk,,
mym,Me'en,Mɛʼɛnɛn,T,Me'enen
muz,Mursi,ሙነን,T,munɛn
nnj,Nyangatom,Nga-Nyangatom,,
gaz,"Oromo, West Central",Afaan Oromoo,,
bre,Breton,Brezhoneg,,
cos,Corsican,Corsu,,
frp,Arpitan,Arpitan,,
puu,Punu,Yipunu,,
kus,Kusaal,Kʋsaal,,
lef,Lelemi,Lɛlɛmi,,
lgq,Logba,Ikpana,,
maw,Mampruli,Ŋmampulli,,
sgw,Sebat Bet Gurage,ሰባት ቤት ጉራጌ,T,Səbat Bet Gurage
moy,Shekkacho,Shekki-noone,,
she,Sheko,S’oku noogu,,
sid,Sidamo,Sidaamu Afoo,,
stv,Silt'e,የስልጤ,T,Yesiltʼe
suq,"Suri, Tirmaga-Chai",Surichɛn,,
tsb,Tsamai,Bago Ts'amakkilo,,
wal,Wolaytta,Wolaytta,,
xan,Xamtanga,ኃምታጛ,T,X'imt'a-nga
jnj,Yemsa,Yemsa,,
zay,Zayse,Zaysite,,
fij,Fijian,Na Vosa Vakaviti,,
hif,"Hindi, Fiji",Fiji Baat,,
fin,Finnish,Suomi,,
rmf,"Romani, Kalo Finnish",Kaalengo tšibbaha,,
smn,"Saami, Inari",Anarâškielâ,,
sms,"Saami, Skolt",Sääʹmǩiõll,,
fra,French,français,,
pcd,Picard,Picard,,
mrv,Mangareva,Reo Magareva,,
mrq,"Marquesan, North",'Eo 'Enana,,
mqm,"Marquesan, South",'Eo 'Enata,,
ray,Rapa,Reo Rapa,,
tah,Tahitian,Reo Tahiti,,
pmt,Tuamotuan,Pa'umotu,,
wof,"Wolof, Gambian",Wolof,,
abk,Abkhaz,аҧсуа бызшәа,T,Aṗsua byzšwa
abk,Abkhaz,аҧсшәа,T,Aṗsšwa
kat,Georgian,ქართული,T,Kartuli
kat,Georgian,ქართული ენა,T,Kartuli ena
sva,Svan,ლუშნუ ნინ,T,lušnu nin
frs,"Saxon, East Frisian Low",Oostfreesk,,
frs,"Saxon, East Frisian Low",Plattdüütsk,,
frr,"Frisian, Northern",Friisk,,
deu,"German, Standard",Deutsch,,
ksh,Ripuarian,Kölsch,,
vmf,Eastern Franconian,Mainfränkisch,,
vmf,Eastern Franconian,Ostfränkisch,,
pfl,Palatinate Franconian,Pälzisch,,
nds,"Saxon, Low",Plattdüütsch,,
nds,"Saxon, Low",Nedderdüütsch,,
sxu,"Saxon, Upper",Sächsisch,,
dsb,"Sorbian, Lower",Dolnoserbski,,
dsb,"Sorbian, Lower",Dolnoserbšćina,,
hsb,"Sorbian, Upper",Hornjoserbšćina,,
hsb,"Sorbian, Upper",Hornjoserbsce,,
swg,Swabian,Schwäbisch,,
wep,Westphalien,Westfäölsk,,
yih,"Yiddish, Western",ייִדיש,T,Yiddish
aha,Ahanta,Ayɩnda,,
aka,Akan,Akan,,
cko,Anufo,Anufo,,
avn,Avatime,Sideme,,
afu,Awutu,Awutu,,
biv,"Birifor, Southern",Birfoɔr,,
bwu,Buli,Buli,,
ncu,Chumburung,Kyo̱ŋbo̱ro̱ŋ-nɔ,,
mzw,Deg,Dɛg,,
ntr,Delo,Delo,,
ewe,Éwé,Èʋegbe,T,Èwegbe
gur,Farefare,Farefare,,
gur,Farefare,Gurenɛ,,
gaa,Ga,Ga,,
acd,Gikyode,Gikyode,,
gjn,Gonja,Ngbanyito,,
hag,Hanga,Haŋa,,
xon,Konkomba,Likpakpaanl,,
kma,Konni,Kɔmɩŋ,,
kye,Krache,Kaakye,,
nfr,Nafaanra,Nafaanra,,
naw,Nawuri,Nawuri,,
nko,Nkonya,Nkonya,,
nyb,Nyangbo,Tutrugbu,,
nzi,Nzema,Nzema,,
sig,Paasaal,Pasaal,,
saf,Safaliba,Safale̱ba,,
sfw,Esahie,Esahie,,
lip,Sekpele,Sɛkpɛlé,,
snw,Selee,Bale,,
sil,"Sisaala, Tumulung",Isaalɩŋ,,
cak,Kaqchikel,Kaqchikel,,
quc,K'iche',Qach'abel,,
mam,Mam,B'anax Mam,,
mam,Mam,Qyool Mam,,
asm,Assamese,অসমীয়া,T,Ôxômiya
awa,Awadhi,अवधी,T,Awadhi
bfq,Badaga,Badaga,,
bfq,Badaga,ಬಡಗ,T,Badaga
bfy,Bagheli,बघेली,T,Bagheli
mrh,"Chin, Mara",Mara,,
mrh,"Chin, Mara",Mara reih,,
pck,"Chin, Paite",Paite Chin,,
akp,Siwu,Siwu,,
tcd,Tafi,Tɛgbɔ,,
tpm,Tampulma,Tampulma,,
bov,Tuwuli,Tuwuli,,
vag,Vagla,Vagla,,
wlx,Wali,Waalii,,
aat,"Albanian, Arvanitika",αρbε̰ρίσ̈τ,T,Arbërisht
ell,Greek,ελληνικά,T,Elliniká
ell,Greek,Νέα Ελληνικά,T,Néa Ellīniká
grc,"Greek, Ancient",Ἑλληνική,T,Hellēnikḗ
pnt,Pontic,Ποντιακά,T,Pontiaká
pnt,Pontic,Ποντιακόν λαλίαν,T,Pontiakón lalían
kal,Greenlandic,Kalaallisut,,
cha,Chamorro,Chamorru,,
acr,Achi,Qach'a'teem,,
knj,Akateko,K'anjob'al,,
agu,Awakateko,Qa'yol,,
cac,Chuj,Koti',,
ixl,Ixil,Ixil,,
jac,Jakalteko,Abꞌxubꞌal Poptiꞌ,,
jac,Jakalteko,Abxubal,,
poc,Poqomam,Qaq'oral,,
poh,Poqomchi',Poqonchi,,
kjb,Q'anjob'al,Q'anjob'al,,
kek,Q'eqchi',Q'eqchi',,
quv,Sakapulteko,Tujaal tziij,,
ttc,Tektiteko,B'a'aj,,
tzj,Tz'utujil,Tz'utujil,,
usp,Uspanteko,Uspanteko,,
pov,Guinea-Bissau Creole,Kiriol,,
mfv,Mandjak,Manjáku,,
knf,Mankanya,Uhula,,
kqs,"Kissi, Northern",Kisi,,
gkp,"Kpelle, Guinea",Kpɛlɛwoo,,
emk,"Maninkakan, Eastern",Maninka,,
fuf,Pular,Pular,,
sus,Susu,Sosoxui,,
yal,Yalunka,Jalunga xuwiina',,
ake,Akawaio,Kapon,,
gyn,Guyanese English Creole,Gaiyniiz,,
hat,Haitian Creole,Kreyòl Ayisyen,,
cab,Garifuna,Garífuna,,
jic,Tol,Tol,,
hun,Hungarian,Magyar,,
isl,Icelandic,íslenska,,
adi,Adi,Adi,,
adl,"Adi, Galo",Galo,,
ahr,Ahirani,अहिराणी,T,Ahirani
aim,Aimol,Aimol,,
aio,Aiton,ဢႝတွꩫ်,T,Aiton
ajz,Amri Karbi,Amri Karbi,,
anp,Angika,अंगिका,T,Angika
bgq,Bagri,बागड़ी,T,Bagri
bgd,"Bareli, Rathwi",बरेली,T,Bareli
bhd,Bhadrawahi,भद्रवाही,T,Bhadrawahi
bgw,Bhatri,भतरी,T,Bhatri
bhb,Bhili,भीली,T,Bhīlī
bho,Bhojpuri,भोजपुरी,T,Bhōjpurī
biu,Biate,Biate,,
bdv,Bodo Parja,ବଡ଼ ପରଜା,T,Bodo Parja
brx,Boro,बोडो,T,boḍo
brx,Boro,बोडो भाषा,T,boḍo bʰāṣā
bra,Braj Bhasha,ब्रज भाषा,T,Braj Bhāshā
bgg,Bugun,Bugun,,
bns,Bundeli,बुन्देली,T,Bundeli
hne,Chhattisgarhi,छत्तीसगढ़ी,T,Chhattisgarhi
bgr,"Chin, Bawm",Bawm hawlh,,
tcz,"Chin, Thado",Thadou Kuki,,
tcz,"Chin, Thado",Thadou pao,,
cdf,Chiru,चीरू,T,Cīrū
cvg,Chug,Duhumbi,,
dln,Darlong,Darlong,,
der,Deori,Deori,,
der,Deori,দেউৰী,T,Deurai
dso,Desiya,ଦେଶିଆ,T,Desia
dhn,Dangi,ડાંગી,T,Dangi
dhd,Dhundari,धुन्धारी,T,Dhundhari
dis,Dimasa,Grao Dima,,
dgo,Dogri,डोगरी,T,Dogri
pci,Duruwa,दुरवा,T,Durvaa
gbk,Gaddi,गदी,T,Gadi
gbl,Gamit,ગામીત,T,Gamit
gra,"Garasia, Rajput",गरसिया,T,Garasiya
gbm,Garhwali,गढ़वळि भाख,T,Garhwali bhākha
grt,Garo,Mande,,
gno,"Gondi, Northern",गोंडी,T,Gondi
nbi,"Naga, Mao",Imela,,
nma,"Naga, Maram",Maram,,
nng,"Naga, Maring",Maringa Tlou,,
tdb,Panchpargania,पंचपरगानिया,T,Panchpargania
pcg,Paniya,பணிய,T,Paniya
pcg,Paniya,പാണിയ,T,Paniya
sgp,Singpho,Singpho,,
srb,Sora,ସଉରା,T,Savara
srb,Sora,𑃐𑃚𑃝,T,Savara
guj,Gujarati,ગુજરાત,T,Gujarātī
gju,Gujari,گوجری,T,Gojri
hoj,Haroti,हाड़ौती,T,Haroti
haj,Hajong,হৃজং ভাশা,T,Hajong Bhasa
haj,Hajong,Hajong Bhasa,,
hlb,Halbi,हलबी,T,Halabi
bgc,Haryanvi,हरियाणवी,T,Hariyāṇvī
hin,Hindi,हिन्दी,T," Hindī"
hin,Hindi,मानक हिन्दी,T,Mānak Hindī
hmr,Hmar,Hmar,,
hoc,Ho,Ho kaji,,
clk,Idu-Mishmi,Idu-Mishmi,,
iru,Irula,இருளா,T,Irula
jun,Juang,ଜୁଆଙ୍‌,T,Juang
kfr,Kacchi,કચ્છી,T,Kacchi
bjj,Kanauji,देहाती,T,Dehati
kan,Kannada,ಕನ್ನಡ,T,Kannaḍa
mjw,Karbi,Arleng Alam,,
kas,Kashmiri,کٲشُر,T,Koshur
kas,Kashmiri,कॉशुर,T,Koshur
khn,Khandesi,खान्देशी,T,Khandeshi
khr,Kharia,Khaɽiyā,,
kha,Khasi,Khasi,,
kfk,Kinnauri,किन्नौरी,T,Kinnauri
kfa,Kodava,ಕೊಡವ,T,Kodava
trp,Kok Borok,Kok Borok,,
trp,Kok Borok,ককবরক,T,Kok borok
kfb,"Kolami, Northwestern",कोलामी,T,Kolami
kmm,Kom,Kom-tong,,
kfc,Konda-Dora,కొండ,T,Konda
knn,Konkani,कोंकणी,T,Konknni
gom,"Konkani, Goan",Konknni,,
gom,"Konkani, Goan",कोंकणी,T,Konknni
kfq,Korku,कोर्कू,T,Korku
vkp,Korlai Portuguese Creole,Nou Ling,,
kff,Koya,Koya,,
kff,Koya,कोया,T,Koya
kff,Koya,కోయ,T,Koya
kex,Kukna,कुक्णा,T,Kukana
kfy,Kumaoni,कुमाँऊनी,T,Kumaaũũnii
xub,"Kurumba, Betta",பெட்டக் குறும்பர்,T,Peṭṭak kuṟumpar
kfi,"Kurumba, Kannada",கன்னட,T,Kannada
kru,Kurux,कुड़ुख़,T,Kudukh
kxv,Kuvi,కువి,T,Kuvi
lbj,Ladakhi,ལ་དྭགས་ཀྱི་སྐད།,T,Ladaks skat
lmn,Lambadi,బంజార,T,Banjara
lmk,Lamkang,Lamkaang,,
mag,Magahi,मगही,T,magahī
mai,Maithili,मैथिली,T,Maithilī
mal,Malayalam,മലയാളം,T,Malayāḷam
mup,Malvi,मालवी,T,Malvi
mjl,Mandeali,मंडियाली,T,Mandiali
mar,Marathi,मराठी,T,Marāṭhī
rwr,Marwari,मारवाड़ी,T,Mārwāṛī
mni,Meitei,মৈতৈলোন্,T,Meiteilon
mtr,Mewari,मेवाड़ी,T,Mewadi
wtm,Mewati,मेवाती,T,Mewati
mrg,Mising,Mising,,
lus,Mizo,Mizo,,
unr,Mundari,Muṇḍari,,
unr,Mundari,মুণ্ডরি,T,Muṇḍari
unr,Mundari,मुण्डरि,T,Muṇḍari
unr,Mundari,ମୁଣ୍ଡରି,T,Muṇḍari
unx,Munda,মুন্ডা,T,Muɳɖa
nag,Nagamese,Nagamiz,,
njm,"Naga, Angami",Tenyidie,,
njo,"Naga, Ao",Ao Naga,,
nbc,"Naga, Chang",Mochungrr,,
nkf,"Naga, Inpui",Inpui,,
nkh,"Naga, Khezha",Kuzhale,,
kix,"Naga, Khiamniungan",Khiamniungan,,
nbe,"Naga, Konyak",Konyak,,
njn,"Naga, Liangmai",Lianglad,,
njn,"Naga, Liangmai",Liangkhon,,
njh,"Naga, Lotha",Kyong,,
nmh,"Naga, Monsang",Si:rti,,
nmo,"Naga, Moyon",Bujuurchong,,
nnl,"Naga, Northern Rengma",Ntenyi,,
nph,"Naga, Phom",Phom,,
nph,"Naga, Phom",Phom Naga,,
npo,"Naga, Pochuri",Pochury,,
pmx,"Naga, Poumai",Poula,,
nbu,"Naga, Rongmei",Rongmei,,
nsa,"Naga, Sangtam",Sangtam,,
nre,"Naga, Southern Rengma",Terüpvunyu,,
nre,"Naga, Southern Rengma",Tseminyu,,
nsm,"Naga, Sumi",Sümi,,
nmf,"Naga, Tangkhul",Tangkhul,,
nki,"Naga, Thangal",Thangkhal Haam,,
nnp,"Naga, Wancho",वांचो,T,Vaanko
yim,"Naga, Yimchungru",Yimchungrü,,
nzm,"Naga, Zeme",Zeme,,
caq,"Nicobarese, Car",Pû,,
ncb,"Nicobarese, Central",Mūöt,,
ory,Odia,ଓଡ଼ିଆ,T,Oḍiā
ort,"Oriya, Adivasi",ఆదివాసి ఒరియ,T,Adivasi Oriya
pli,Pali,पालि,T,Pāḷi
pan,"Punjabi, Eastern",ਪੰਜਾਬੀ ਭਾਸ਼ਾ,T,Panjabi bhasa
pan,"Punjabi, Eastern",ਪੰਜਾਬੀ,T,Panjabi
phk,Phake,ၸႃကေ,T,Phaek
rah,Rabha,রাভা,T,Rābhā
rnl,Ranglong,Ranglong,,
ria,Riang,Kau Bru,,
sck,Sadri,सादरी,T,Sadari
sck,Sadri,ସାଦରୀ,T,Sadari
san,Sanskrit,संस्कृतम्,T,Saṃskṛtam
sat,Santhali,Har Rar,,
onp,Sartang,Sartang,,
saz,Saurashtra,சௌராட்டிர மொழி,T,Caurāṭṭira moḻi
mjt,Sauria Paharia,सौरिया पहाड़िया,T,sauriya pahaadiya
swv,Shekhawati,शेखावाटी,T,Shekhaavaatee
sip,Sikkimese,འབྲས་ལྗོངས་སྐད,T,'bras ljongs skad
smt,Simte,Simte,,
suv,Puroik,Puroik,,
sjp,Surjapuri,सुरजापुरी,T,Surjapuri
tam,Tamil,தமிழ்,T,Tamiḻ
tel,Telugu,తెలుగు,T,Telugu
tcy,Tulu,ತುಳು ಭಾಷೆ,T,Tuḷu bhāṣe
tcy,Tulu,ತುಳು,T,Tulu
vap,Vaiphei,Vaiphei,,
vah,Varhadi-Nagpuri,वरहदी-नागपुरी,T,Varahadī-nāgapurī
vah,Varhadi-Nagpuri,वऱ्हाडी,T,Vaṟhāḍī
vav,Varli,वारली,T,Warli
vas,Vasavi,वासावी,T,Vāsāvī
wbr,Wagdi,वाग्दी,T,Vāgdī
yeu,Yerukula,ఎఱుకల,T,Erukala
qxq,Kashkay,قشقاى ديلى,T,Qaşqay dili
qxq,Kashkay,قاشقایجا,T,Qaşqayca
jam,Jamaican English Creole,Jamiekan,,
azb,"Azerbaijani, South",آذربایجان دیلی,T,Azərbaycan dili
azb,"Azerbaijani, South",آذربایجانجا,T,Azərbaycanca
bqi,Bakhtiâri,بختیاری,T,Bakhtiâri
def,Dezfuli,دزفولی,T,Dezfuli
pes,"Persian, Iranian",فارسی,T,Fārsi
glk,Gilaki,گیلکی,T,Gīlakī
kmz,Khorasani Turkish,خراسان تركچىسى,T,Xorasan Türkçesi
sdh,"Kurdish, Southern",کوردی خوارگ,T,Kurdî xwarg
sdh,"Kurdish, Southern",کوردیی باشووری,T,Kurdîyi başûrî
lrc,"Luri, Northern",زۊن لٛوْری,T,Zön łôrī
luz,"Luri, Southern",لُرِىْ بُزُ رْگْ,T,Lorī-a bozorg
mzn,Mazandarani,طبری,T,Tabari
mzn,Mazandarani,مازرونی,T,Mazuroni
sgr,Sangisari,سنگسری,T,Sangesari
smy,Semnani,سمنی زفون,T,Semani zefön
syn,Senaya,ܣܢܝܐ,T,Senāya
syn,Senaya,ܣܘܪ,T,Soray
acm,"Arabic, Mesopotamian Spoken",اللهجة العراقية,T,allahjat aleiraqia
ayp,"Arabic, North Mesopotamian Spoken",مصلاوي,T,Maslawi
aii,Assyrian Neo-Aramaic,ܐܬܘܪܝܐ,T,Ātūrāyā
aii,Assyrian Neo-Aramaic,ܣܘܪܬ,T,Sūrët
ckb,"Kurdish, Central",زمانێ سۆرانی,T,zimanê soranî
gle,Irish,Gaeilge,,
sth,Shelta,De Gammon,,
heb,Hebrew,עברית,T,Ivrit
heb,Hebrew,עִבְרִית חֲדָשָׁה,T,ivrít ḥadašá[h]
hbo,"Hebrew, Ancient",עִבְרִית מִקְרָאִית,T,Ivrit Miqra'it
hbo,"Hebrew, Ancient",לְשׁוֹן הַמִּקְרָא,T,Leshon ha-Miqra
huy,Hulaulá,לשנא נשן,T,Lišānā Nošān
lad,Ladino,גﬞודיאו־איספאנייול,T,Djudeo-espanyol
lad,Ladino,לאדינו,T,Ladino
trg,Lishán Noshan,לשן דידן,T,Lišān Didān
trg,Lishán Noshan,לשנן,T,Lišānān
aij,Inter-Zab Jewish Neo-Aramaic,לשניד נשן,T,Lišānîd Nošān
aij,Inter-Zab Jewish Neo-Aramaic,לשנא דידן,T,Lišānā Dîdān
ydd,"Yiddish, Eastern",ייִדיש,T,Yiddish
aae,"Albanian, Arbëreshë",Tarbrisht,,
egl,Emilian,Emigliân,,
fur,Friulian,Furlan,,
fur,Friulian,Marilenghe,,
ita,Italian,Italiano,,
lij,Ligurian,Ligure,,
lmo,Lombard,Lombard,,
nap,Napoletano-Calabrese,Napulitano,,
pms,Piedmontese,Piemontèis,,
rgn,Romagnol,Rumagnol,,
scn,Sicilian,Sicilianu,,
vec,Venetian,Veneto,,
ain,Ainu,アイヌ イタㇰ,T,Aynu itak
jpn,Japanese,日本語,T,Nihongo
ryu,"Okinawan, Central",ウチナーグチ,T,Uchināguchi
ajp,"Arabic, South Levantine Spoken",أردني,T,Urduni
kaz,Kazakh,казақ тілі,T,Qazaq tili
kaz,Kazakh,казақша,T,Qazaqşa
bob,Aweer,Af Aweera,,
dig,Chidigo,Chidigo,,
dug,Chiduruma,Chiduruma,,
dav,Dawida,Kidawida,,
luo,Dholuo,Dholuo,,
guz,Ekegusii,Ekegusii,,
cuh,Gichuka,Gĩchuka,,
kik,Gikuyu,Gĩgĩkũyũ,,
kam,Kamba,Kĩkamba,,
ebu,Kiembu,Kiembu,,
nyf,Kigiryama,Kigiryama,,
mer,Kimîîru,Kimîîru,,
pkb,Kipfokomo,Kipfokomo,,
thk,Kitharaka,Kîîtharaka,,
mlk,Kiwilwana,Kiwilwana,,
bxk,Bukusu,Lubukusu,,
ida,Luidakho-Luisukha-Lutirichi,Luidakho-Luisukha-Lutirichi,,
lkb,Lukabaras,Lukabaras,,
rag,Lulogooli,Lulogooli,,
lts,Lutachoni,Lutachoni,,
mas,Maasai,Maa,,
mas,Maasai,ɔl Maa,,
enb,Markweeta,Markweta,,
nle,Nyala,Lunyala,,
lko,Olukhayo,Olukhayo,,
lri,Olumarachi,Olumarachi,,
liv,Liv,Livõ kēļ,,
liv,Liv,Rāndakēļ,,
sot,"Sotho, Southern",Sesotho,,
bza,Bandi,Bandí,,
bsq,Bassa,Ɓǎsɔ́ɔ̀,,
nya,Chichewa,Chicheŵa,,
tog,Tonga,Chitonga,,
tum,Tumbuka,Chitumbuka,,
yao,Yao,Ciyawo,,
myk,"Sénoufo, Mamara",Mamaara,,
spp,"Sénoufo, Supyire",Supyire,,
lrm,Olumarama,Olumarama,,
nyd,Olunyole,Olunyole,,
nyd,Olunyole,Lunyole,,
lks,Olushisa,Olushisa,,
lto,Olutsotso,Olutsotso,,
lwg,Oluwanga,Oluwanga,,
orc,Orma,Orma,,
pko,Pökoot,ngala Pökot,,
rel,Rendille,Afi Renꞌdille,,
spy,Sabaot,Sābāwōōt,,
tga,Sagalla,Kisagalla,,
saq,Samburu,Sampur,,
sxb,Suba,Olusuba,,
tvs,Taveta,Kitubheta,,
tuy,Tugen,Tukēn,,
tuv,Turkana,Ng'aturkana,,
gil,Kiribati,I-Kiribati,,
kor,Korean,한국말,T,Hanguk-mal
kor,Korean,한국어,T,Hanguk-eo
dng,Dungan,Хуэйзў йүян,T,Huejzw jyjan
kir,Kyrgyz,кыргызча,T,Kyrgyzcha
kir,Kyrgyz,кыргыз тили,T,Kyrgyz tili
hnj,Hmong Njua,Hmongb Nzhuab,,
hnj,Hmong Njua,Moob Leeg,,
kjg,Khmu,ກຶມຫມຸ,T,Kmhmu'
lbn,Rmeet,Rmeet,,
lao,Lao,ພາສາລາວ,T,Phasa Lao
mlf,Mal,Mal,,
mlf,Mal,Ma'di,,
tth,"Ta'oih, Upper",ຕາໂອ້ຍອ໌,T,Ta'oiq
gbo,"Grebo, Northern",Klépo,,
xpe,"Kpelle, Liberia",Kpɛlɛwoo,,
lom,Loma,Löömàgòòi,,
lom,Loma,Löghömàgòòi,,
mev,Maan,Mã́ã́,,
mzj,Manya,Maninyakan,,
taq,Tamasheq,Tǝmajǝq,,
kao,Xaasongaxango,Xasongo,,
clo,"Chontal, Lowland Oaxaca",Lajltyaygi,,
chf,"Chontal, Tabasco",Yocot'an,,
coc,Cocopa,Kuapá,,
vai,Vai,ꕙꔤ,T,Vai
ayl,"Arabic, Libyan Spoken",ليبي,T,Lībi
lit,Lithuanian,Lietuviškai,,
lit,Lithuanian,Lietuvių kalba,,
ltz,Luxembourgish,Lëtzebuergesch,,
mkd,Macedonian,македонски,T,Makedonski
mkd,Macedonian,македонски јазик,T,makedonski jazik
xmv,"Malagasy, Antankarana",Antakarana,,
bhr,"Malagasy, Bara",Bara Malagasy,,
msh,"Malagasy, Masikoro",Masikoro Malagasy,,
bmm,"Malagasy, Northern Betsimisaraka",Betsimisaraka,,
plt,"Malagasy, Merina",Malagasy,,
plt,"Malagasy, Merina",Malagasy ôfisialy,,
tdx,"Malagasy, Tandroy-Mahafaly",Antandroy,,
xmw,"Malagasy, Tsimihety",Tsimihety Malagasy,,
kzn,Kokola,iKokola,,
lai,Lambya,ChiLambya,,
div,Maldivian,ދިވެހި,T,Divehi
div,Maldivian,ދިވެހިބަސް,T,Divehi-bas
bam,Bamanankan,Bamanankan,,
bmq,Bomu,Boomu,,
bze,"Bozo, Jenaama",Sorogama,,
boz,"Bozo, Tieyaxo",Tieyaxo,,
ffm,"Fulfulde, Maasina",Maasinankoore,,
ffm,"Fulfulde, Maasina",Fulfulde,,
jow,Jowulu,Jowulu,,
snk,Soninke,Sooninkanxanne,,
dsq,Tadaksahak,Idaksahak,,
mlt,Maltese,Malti,,
mey,Hassaniyya,Hassaniyya,,
mey,Hassaniyya,حسانية‎‎,T,Ḥassānīya
zen,Zenaga,ⵜⵓⵥⵥⵓⵏⴳⵉⵢⵢⴰ,T,Tuẓẓungiyya
mfe,Morisyen,Kreol Morisien,,
buc,Bushi,Kibushi,,
swb,"Comorian, Maore",Shimaore,,
amu,"Amuzgo, Guerrero",Ñomndaa,,
azm,"Amuzgo, Ipalapa",Jñunda,,
azg,"Amuzgo, San Pedro Amuzgos",Jnꞌoon,,
cly,"Chatino, Eastern Highland",Cha’ jna’a,,
cya,"Chatino, Nopala",Chaꞌ jnaꞌa,,
cta,"Chatino, Tataltepec",Chaꞌ jnaꞌa,,
ctp,"Chatino, Western Highland",Chaꞌ jnaꞌa,,
ctz,"Chatino, Zacatepec",Cha’ jna’a,,
czn,"Chatino, Zenzontepec",Cha’ jna’a,,
cco,"Chinantec, Comaltepec",Jmíiˊ,,
cnl,"Chinantec, Lalana",Jujmi,,
cle,"Chinantec, Lealao",fáh⁴jmii⁴²,,
chj,"Chinantec, Ojitlán",Jujmi,,
chj,"Chinantec, Ojitlán",Jmiih kia’ dzä ‘vï ï,,
chz,"Chinantec, Ozumacín",Juujmii,,
chz,"Chinantec, Ozumacín",Jumi dsa mojai,,
cpa,"Chinantec, Palantla",Jajme dzä mii,,
cpa,"Chinantec, Palantla",Jmiih kia’ dzä mii,,
chq,"Chinantec, Quiotepec",juu jmiih,,
cso,"Chinantec, Sochiapam",Jaú jm_,,
cso,"Chinantec, Sochiapam",Jmiih kia’ dzä jii’,,
cnt,"Chinantec, Tepetotutla",Jejmi,,
cnt,"Chinantec, Tepetotutla",Jajmi dzä kï ï’,,
cte,"Chinantec, Tepinapa",Jujmi,,
ctl,"Chinantec, Tlacoatzintepec",Jau jmai,,
cuc,"Chinantec, Usila",Jaú jm_,,
cuc,"Chinantec, Usila",Jmiih kia’ dzä jii’,,
ctu,Chol,Lakty’añ,,
chd,"Chontal, Highland Oaxaca",Tsome,,
crn,"Cora, El Nayar",Naáyeri Nyuuca,,
cok,"Cora, Santa Teresa",Cuéimarusa’na,,
cux,"Cuicatec, Tepeuxila",Dibaku,,
cut,"Cuicatec, Teutila",Dubaku,,
var,Huarijío,Warijio,,
hus,Huastec,Teenek,,
hve,"Huave, San Dionisio del Mar",Ombeyajts,,
hue,"Huave, San Francisco del Mar",Ombeyajts,,
huv,"Huave, San Mateo del Mar",Ombeayiüts,,
hch,Huichol,Wixárika,,
ixc,Ixcatec,Xwja,,
lac,Lacandon,Jach-t'aan,,
yua,"Maya, Yucatec",Maaya t'aan,,
mfy,Mayo,Yoreme Nokki,,
maz,"Mazahua, Central",Jnatrjo,,
mmc,"Mazahua, Michoacán",Jnatjo,,
vmy,"Mazatec, Ayautla",Enre naxinanda nguifi,,
maq,"Mazatec, Chiquihuitlán",Nne nangui ngaxni,,
maq,"Mazatec, Chiquihuitlán",Hne naja,,
mau,"Mazatec, Huautla",Én‑ná,,
mzi,"Mazatec, Ixcatlán",En ningotsie,,
maj,"Mazatec, Jalapa de Díaz",Ntaxjo̱,,
maj,"Mazatec, Jalapa de Díaz",Kinꞌekꞌatiya,,
vmz,"Mazatec, Mazatlán",Ienra naxinandana nnandia,,
maa,"Mazatec, San Jerónimo Tecóatl",ꞌÉn-ná,,
vmp,"Mazatec, Soyaltepec",En naxijen,,
tpx,"Me'phaa, Acatepec",Meꞌpa̱a̱ Wíꞌi̱i̱n,,
tpc,"Me'phaa, Azoyú",Mè'pháà Tsìndíì,,
tcf,"Me'phaa, Malinaltepec",Mè'phàà Mañuwìín,,
tpl,"Me'phaa, Tlacoapa",Meꞌpa̱a̱ Wíꞌi̱i̱n,,
mco,"Mixe, Coatlán",Ayuk,,
mir,"Mixe, Isthmus",hayuuc,,
mir,"Mixe, Isthmus",hagunaax,,
mxq,"Mixe, Juquila",Ayuk,,
mzl,"Mixe, Mazatlán",Ayuuk,,
neq,"Mixe, North Central",Ayuuk,,
mto,"Mixe, Totontepec",Ayuk,,
mim,"Mixtec, Alacatlatzala",To'on savi,,
xta,"Mixtec, Alcozauca",Tu̱'un sâvi,,
mbz,"Mixtec, Amoltepec",Tnu'u Ñuu Savi,,
mip,"Mixtec, Apasco-Apoala",Da'an davi,,
miy,"Mixtec, Ayutla",Tu̱n savi̱ꞌ Tu̱tyoo̱ꞌ,,
mih,"Mixtec, Chayuco",Tuhun savi,,
miz,"Mixtec, Coatzospan",Tu'un davi,,
xtd,"Mixtec, Diuxi-Tilantongo",Tnuꞌu ñudau,,
vmj,"Mixtec, Ixtayutla",Tu'un savi,,
nhg,"Nahuatl, Tetelcingo",Mösiehuali̱,,
nuz,"Nahuatl, Tlamacazapa",Nawatlajtoli,,
nhi,"Nahuatl, Zacatlán-Ahuacatlán-Tepetzintla",Mehcanohtlahtol,,
nhi,"Nahuatl, Zacatlán-Ahuacatlán-Tepetzintla",Mehcanohtlahtol de Zacatlán-Ahuacatlán uan Tepetzintla,,
otm,"Otomi, Eastern Highland",Nyuhu,,
ots,"Otomí, Estado de México",Hñatho,,
zaq,"Zapotec, Aloápam",Tisa,,
pif,Pingelapese,Pingelap,,
pon,Pohnpeian,Pohnpei,,
ybi,Yamphu,याम्फु खाप,T,Yāmphu khāpa
act,Achterhoeks,Achterhooks,,
drt,Drents,Drèents,,
kuh,Kushi,Fo Goji,,
kub,Kutep,Kuteb,,
tye,Kyanga,Kyangganya,,
hno,"Hindko, Northern",ہندکو,T,Hindko
hnd,"Hindko, Southern",ہندکو,T,Hindko
zpo,"Zapotec, Amatlán",Dizhze,,
zpo,"Zapotec, Amatlán",Dizhze Amatlan,,
nkr,Nukuoro,Nukuoro,,
loy,Lhowa,ल्होवा,T,Lhowa
mgp,"Magar, Eastern",मगर ढुट,T,magar ḍhuṭ
mrd,"Magar, Western",मगर ढुट,T,magar ḍhuṭ
aji,Ajië,Waawilûû,,
xtm,"Mixtec, Magdalena Peñasco",Sa'an Ñuu Savi,,
mxv,"Mixtec, Metlatónoc",Tuꞌun Savi de Metlatónoc y Cochoapa el Grande,,
mxv,"Mixtec, Metlatónoc",Tu'un Sávi,,
vmm,"Mixtec, Mitlatongo",Jnu'u lavi,,
mix,"Mixtec, Mixtepec",Sa'an Savi Snuviko,,
mix,"Mixtec, Mixtepec",Sa'an savi,,
xtn,"Mixtec, Northern Tlaxiaco",Sa'an savi,,
mio,"Mixtec, Pinotepa Nacional",Tu’un savi,,
mjc,"Mixtec, San Juan Colorado",Tu'un sav,,
xtj,"Mixtec, San Juan Teita",Dañudavi,,
mdv,"Mixtec, Santa Lucía Monteverde",Sasau,,
mza,"Mixtec, Santa María Zacatepec",Tu'un va'a,,
mks,"Mixtec, Silacayoapan",Tu̱hun ndáhví,,
xti,"Mixtec, Sinicahua",Tnu'un savi,,
mxy,"Mixtec, Southeastern Nochixtlán",Tu'un davi,,
mit,"Mixtec, Southern Puebla",Da'an davi,,
meh,"Mixtec, Southwestern Tlaxiaco",Tu̱ꞌun káꞌánꞌ kájí,,
mxb,"Mixtec, Tezoatlán",To̱ꞌon nda’í,,
jmx,"Mixtec, Western Juxtlahuaca",Tu̱'un-yó,,
nch,"Nahuatl, Central Huasteca",Nāhuatlahtōlli,,
ngu,"Nahuatl, Guerrero",Nauatlajtojli,,
nhx,"Nahuatl, Isthmus-Mecayapan",Melaꞌtájto̱l,,
ncl,"Nahuatl, Michoacán",Gente natural,,
nhm,"Nahuatl, Morelos",Ika nauatl,,
nhm,"Nahuatl, Morelos",Ika mejikano,,
nhy,"Nahuatl, Northern Oaxaca",Nāhuatlahtōlli,,
ncj,"Nahuatl, Northern Puebla",Mexicatl,,
nlv,"Nahuatl, Orizaba",Nawatl,,
nsu,"Nahuatl, Sierra Negra",Nahuatlajtoli,,
nsu,"Nahuatl, Sierra Negra",Nahuatl,,
ote,"Otomi, Mezquital",Hñahñu,,
otq,"Otomi, Querétaro",ñhöñhö,,
ott,"Otomi, Temoaya",Ñatho,,
otn,"Otomi, Tenango",Ñųhų,,
otx,"Otomi, Texcatepec",Ñųhų,,
pbs,"Pame, Central",Xi'oi,,
pmq,"Pame, Northern",Xi'iuy,,
pia,Pima Bajo,Oob No'ok,,
pow,"Popoloca, San Felipe Otlaltepec",Nguiva,,
poe,"Popoloca, San Juan Atzingo",Ngiva,,
pps,"Popoloca, San Luís Temalacayuca",Ngigua,,
pps,"Popoloca, San Luís Temalacayuca",Ngigua Temalacayuca,,
pls,"Popoloca, San Marcos Tlacoyalco",Ngigua,,
pca,"Popoloca, Santa Inés Ahuatempan",Nquivā,,
poi,"Popoluca, Highland",Nuntajɨyi,,
tsz,Purepecha,P’urhépecha,,
tsz,Purepecha,P’urhe,,
pua,"Purepecha, Western Highland",P’urhépecha,,
pua,"Purepecha, Western Highland",P’urhe,,
sei,Seri,Cmiique Iitom,,
tar,"Tarahumara, Central",Ralámuli raicha,,
tac,"Tarahumara, Western",Rarómari raicha,,
ntp,"Tepehuan, Northern",Oodamicʌdʌ,,
stp,"Tepehuan, Southeastern",O'dam,,
toj,Tojolabal,Tojolabal,,
toc,"Totonac, Coyutla",Tutunakú,,
tos,"Totonac, Highland",Totonaco,,
tos,"Totonac, Highland",Tutunakú,,
top,"Totonac, Papantla",Tutunakú,,
top,"Totonac, Papantla",Lichiwin Tutunaku,,
tcw,"Totonac, Tecpatlán",Tachiwiin,,
tcw,"Totonac, Tecpatlán",Tutunakuj,,
tku,"Totonac, Upper Necaxa",Totonaco xalac Patla,,
tku,"Totonac, Upper Necaxa",Totonaco,,
tqt,Totonaco del cerro Xinolatépetl,Xinulajgsípij Totonaco,,
too,"Totonac, Xicotepec de Juárez",Tachihuin,,
trs,"Triqui, Chicahuaxtla",nánj nï'ïn,,
trc,"Triqui, Copala",Xnaꞌánj nu̱ꞌ,,
trq,"Triqui, San Martín Itunyoso",sná'ánj nì',,
tzh,Tzeltal,Bats'il k'op,,
tzo,Tzotzil,Bats'i k'op,,
yaq,Yaqui,Yoeme,,
zaf,"Zapotec, Ayoquesco",Didzé,,
zad,"Zapotec, Cajonos",Xtillꞌchonaꞌ,,
zpv,"Zapotec, Chichicapan",Dxiꞌzah,,
zpc,"Zapotec, Choapan",Diꞌidzaꞌ xidzaꞌ,,
zca,"Zapotec, Coatecas Altas",Diꞌzhzë,,
zpg,"Zapotec, Guevea de Humboldt",Didz-rieꞌ,,
ztu,"Zapotec, Güilá",Diza,,
zai,"Zapotec, Isthmus",Diidxazá,,
zpa,"Zapotec, Lachiguiri",Didxsá,,
zpl,"Zapotec, Lachixío",Dialu,,
ztp,"Zapotec, Loxicha",Diste,,
zam,"Zapotec, Miahuatlán",Diiste,,
zaw,"Zapotec, Mitla",Didxsaj,,
zpm,"Zapotec, Mixtepec",Diidz-zë,,
zac,"Zapotec, Ocotlán",Dizë́,,
zao,"Zapotec, Ozolotepec",Dizte chaan zha Ozolotepec,,
ztq,"Zapotec, Quioquitani-Quierí",Tiitssë,,
zar,"Zapotec, Rincón",Didza Xidza,,
zpx,"Zapotec, San Baltazar Loxicha",Diste’,,
zab,"Zapotec, Western Tlacolula Valley",Ditsa,,
zpf,"Zapotec, San Pedro Quiatoni",Diidx Zah,,
zpt,"Zapotec, San Vicente Coatlán",Dizhnde,,
ztn,"Zapotec, Santa Catarina Albarradas",Dichsah,,
zpi,"Zapotec, Santa María Quiegolani",disa,,
zpr,"Zapotec, Santiago Xanica",Diste’,,
zas,"Zapotec, Santo Domingo Albarradas",Diidxzaj,,
zaa,"Zapotec, Sierra de Juárez",Titsaꞌ,,
zsr,"Zapotec, Southern Rincon",Didza',,
zts,"Zapotec, Tilquiapan",Diza,,
ztg,"Zapotec, Xanaguía",Diꞌtsë,,
ztg,"Zapotec, Xanaguía",Di'tsë gu'n xne' minn,,
zpu,"Zapotec, Yalálag",Dill Gurall ke Yarar'j,,
zae,"Zapotec, Yareni",Tisa,,
zav,"Zapotec, Yatzachi",Dižə'əxon,,
zpq,"Zapotec, Zoogocho",Diža'xon,,
zoh,"Zoque, Chimalapa",Tzunitzame,,
zoc,"Zoque, Copainalá",Tzunitzame,,
zos,"Zoque, Francisco León",Otetzame,,
zor,"Zoque, Rayón",Otetzame,,
chk,Chuukese,Chuuk,,
kpg,Kapingamarangi,Kapingamarangi,,
kpg,Kapingamarangi,Kirinit,,
kos,Kosraean,Kosrae,,
mkj,Mokilese,Mokil,,
mkj,Mokilese,Mwoakilloa,,
stw,Satawalese,Satawal,,
yap,Yapese,Thin nu Wa'ab,,
gag,Gagauz,Gagauz dili,,
gag,Gagauz,Gagauzça,,
khk,"Mongolian, Halh",Монгол хэл,T,Mongol khel
ary,"Arabic, Moroccan Spoken",الدارجة,T,Darija
shi,Tachelhit,Tašlḥiyt,,
shi,Tachelhit,ⵜⴰⵛⵍⵃⵉⵢⵜ,T,taclhiyt
shi,Tachelhit,تشلحيت,T,tšlḥyt
tzm,"Tamazight, Central Atlas",ⵜⴰⵎⴰⵣⵉⵖⵜ,T,Tamazight
tzm,"Tamazight, Central Atlas",Tmaziɣt,,
rif,Tarifit,Tarifit,,
rif,Tarifit,ⵜⴰⵔⵉⴼⵉⵜ,T,Tarifit
rif,Tarifit,تاريفيت,T,Tarifit
cce,Chopi,Chichopi,,
chw,Chuwabu,Echuwabo,,
eko,Koti,Ekoti,,
llb,Lolo,iLolo,,
ngl,Lomwe,Elhomwe,,
mgh,Makhuwa-Meetto,Imeetto,,
vmk,Makhuwa-Shirima,Emakhua Exirima,,
vmw,Makhuwa,Emakhuwa,,
wmw,Mwani,Kimwani,,
ndc,Ndau,Chindau,,
nyu,Nyungwe,Cinyungwe,,
rng,Ronga,Xironga,,
seh,Sena,Cisena,,
tke,Takwane,Etakwani,,
toh,Tonga,guiTonga,,
tsc,Tswa,Xitswa,,
mya,Burmese,မြန်မာစကား,T,Mranmar sakar
mya,Burmese,မြန်မာ,T,Mranmar
csh,"Chin, Asho",Asho Chin,,
cbl,"Chin, Bualkhaw",Bualkhaw Chin,,
cnb,"Chin, Uppu",Uppu,,
cnb,"Chin, Uppu",Uppu Chin,,
dao,"Chin, Daai",Daai,,
dao,"Chin, Daai",Daai Chin,,
cfm,"Chin, Falam",Falam Chin,,
cnh,"Chin, Hakha",Lai,,
cnh,"Chin, Hakha",Lai Chin,,
cnk,"Chin, Khumi",Khumi,,
cnk,"Chin, Khumi",Khumi Chin,,
cmr,Mro-Khimi,Khimi,,
cmr,Mro-Khimi,Mro-Khimi,,
mwq,"Chin, Müün",K'cho,,
cnw,"Chin, Ngawn",Ngawn,,
sez,"Chin, Senthang",Senthang Chin,,
csy,"Chin, Siyin",Sizang,,
ctd,"Chin, Tedim",Tedim,,
czt,"Chin, Zotung",Zotung,,
czt,"Chin, Zotung",Zotung Chin,,
kac,Jingpho,Jinghpo,,
kvl,Kayaw,Kayaw,,
kxf,Kawyaw,Kawyaw,,
blk,Pa'o,ပအိုဝ်ႏခမ်းသား,T,Pa-O Kham Thar
blk,Pa'o,ပအိုဝ်,T,Pa-O
kjp,"Karen, Pwo Eastern",ဖၠုံ,T,Phlou
ksw,"Karen, S'gaw",ပှၤကညီဖိ,T,Sgaw
kyu,"Kayah, Western",ကယားလီ,T,Kayahli
pdu,Kayan,Kayăn,,
kht,Khamti,လိꩱ့်တဲးၵမ်းတီ,T,Tai Khamti
lsi,Lacid,Lacid,,
mhx,Lhao Vo,Lhaovo,,
mnw,Mon,ဘာသာ မန်,T,bharsar maan
jmn,"Naga, Makuri",Makuri,,
umn,"Naga, Paungnyuan",Paungnyuan Naga,,
pzn,"Naga, Jejara",Naga,,
nst,"Naga, Tangshang",Tangshang Naga,,
hlt,"Chin, Matu",Matu Chin,,
hlt,"Chin, Matu",Matu,,
nun,Anong,Anong,,
pce,"Palaung, Ruching",ဒါအာင်,T,Daraarin
pll,"Palaung, Shwe",ဆာမ်လိုင်,T,Saam Loong
rki,Rakhine,ရခိုင်,T,Rakhine
raw,Rawang,Rvwang,,
ril,Riang Lang,Riang Lang,,
rhg,Rohingya,Ruwainggya,,
shn,Shan,လိၵ်ႈတႆး,T,Lik Tai
zom,Zo,Zokam,,
zyp,"Chin, Zyphe",Zyphe,,
diu,Gciriku,Rumanyo,,
fwe,Fwe,Cìfwè,,
her,Herero,Otjiherero,,
xuu,Khwedam,Khwedam,,
kwm,Kwambi,Oshikwambi,,
kwn,Kwangali,Rukwángali,,
naq,Khoekhoe,Khoekhoegowab,,
ndo,Ndonga,Oshindonga,,
ndo,Ndonga,Oshiwambo,,
nau,Nauruan,dorerin Naoero,,
aph,Athpariya,आठपहरिया,T,Āṭhapahariyā
bhj,Bahing,बाहिङ,T,bahing
bap,Bantawa,बान्‍तावा,T,bantawa
byh,Bhujel,भुजेल,T,bhujel
bmj,Bote,बोटे,T,bote
rab,Chamling,चाम्लिङ,T,Caamliṅa
chx,Chantyal,छन्त्याल खाम,T,Chantyal Kham
cdm,Chepang,चेपाङ,T,chepang
ctn,Chhintang,छिन्ताङ्,T,Chhintang
dry,Darai,दरै,T,darai
dhw,Danuwar,दनुवार,T,danuvāra
dhi,Dhimal,धिमाल,T,Dhimal
dus,Dumi,दुमी,T,Dumi
gvr,Gurung,तमु क्यी,T,Tamu Kyi
jul,Jirel,जिरेल,T,jirel
syw,Syuba,स्युबा,T,Syuba
klr,Khaling,खालङ्,T,khaling
kgj,"Kham, Gamal",गामाले खाम,T,gamale kham
kip,"Kham, Sheshi",शेषी पाङ,T,Sheshi Paang
kjl,"Kham, Western Parbate",खाम,T,kham
lhm,Lhomi,ल्होमी,T,Lhomi
lif,Limbu,यक्थुङ्पन,T,Yakthungpan
lbr,Lohorung,लोहोरुङ्,T,Lōhōruṅ
mjz,Majhi,माझी,T,Majhi
nmm,Nyeshangte,ङ्‍येश्याङ्‍ते,T,Nyeshangte
npi,Nepali,नेपाली,T,Nepālī
new,Newar,नेपाल भाषा,T,Nepal Bhasa
new,Newar,नेवाः भाय्,T,Newah Bhay
pum,Puma,पुमा,T,Pumā
rjs,Rajbanshi,राजबंशी,T,Rājbanshi
rjs,Rajbanshi,কোচ ৰাজবংশী,T,Koch Rajbangshi
xsr,Sherpa,शेर्वी तम्ङे,T,sherwi tamnge
taj,"Tamang, Eastern",तामाङ,T,tāmāng
taj,"Tamang, Eastern",རྟ་དམག,T,tāmāng
thf,Thangmi,थाङ्मी खाम,T,thaangmi khaam
thl,"Tharu, Dangaura",थारु,T,thaaru
tkt,"Tharu, Kathariya",थारु,T,thaaru
thr,"Tharu, Rana",राना थारू,T,raanaa thaaru
tdh,Thulung,थुलुडॱ,T,Thuluḍa
wme,Wambule,वाम्बुले,T,Vāmbule
ybh,Yakkha,याक्खा,T,Yākkhā
nld,Dutch,Nederlands,,
fry,Frisian,Frysk,,
gos,Gronings,Grunnegs,,
lim,Limburgish,Lèmburgs,,
stl,Stellingwerfs,Stellingwarfs,,
twd,Twents,Twents,,
zea,Zeeuws,Zeêuws,,
cam,Cemuhî,Cemuhî,,
dhv,Drehu,Drehu,,
nen,Nengone,Nengone,,
pri,Paicî,Paicî,,
mri,Maori,te reo Māori,,
miq,Mískito,Mískitu,,
bzk,Nicaragua English Creole,Creole,,
abn,Abua,Abuan,,
yay,Agwagwune,Gwune,,
ala,Alago,Alago,,
amo,Amo,Timap,,
anw,Anaang,Anaañ,,
jen,Dza,nnwa’ Dzâ,,
igb,Ebira,Ebira,,
jab,Hyam,Jaba,,
ibb,Ibibio,Ibibio,,
tiv,Tiv,Tiv,,
kdl,Tsikimba,Tsikimba,,
gwc,Gawri,گاؤری,T,Gauri
kls,Kalasha,Kal'as'amon,,
ahs,Ashe,Ishɛ,,
awo,Awak,Yěbù,,
bcy,Bacama,Ɓwaare,,
bde,Bade,Gabaden,,
bcn,Bali,Maya,,
bcn,Bali,Abaali,,
bsj,Bangwinji,Bangjinge,,
bzw,Basa,Rubassa,,
bkv,Bekwarra,Ebekwara,,
yun,Bena,Ɓə́ná-Yungur,,
yun,Bena,Ebәna,,
bom,Berom,Cèn Bèrom,,
bus,Bokobaru,Zogben,,
bys,Burak,nyuwǎ Ɓúúrák,,
bqp,Bisã,Bisã,,
cen,Ibaas,Ibaas,,
ruk,Kuce,Kuche,,
asg,Cishingini,Cishingini,,
dri,C'Lela,C'Lela,,
dbd,Dadiya,Nyiyo Daddi̱ya,,
dgh,Dghwede,Dghwéɗè,,
bin,Edo,Edo,,
efi,Efik,Efik,,
ego,Eggon,onumu Egon,,
etu,Ejagham,Éjághám,,
elm,Eleme,Eleme,,
afo,Ajiri,Eloyi,,
afo,Ajiri,Ajiri,,
enn,Engenni,Egene,,
ish,Esan,Awain,,
ich,Etkywan,Kentu,,
ich,Etkywan,Kyãtõ,,
utr,Etulo,Etulo,,
fir,Firan,Firan,,
fuv,"Fulfulde, Nigerian",Fulfulde,,
fuv,"Fulfulde, Nigerian",فُلْفُلْدٜ,T,fulْfulْdٜ
pym,Pyam,Pyam,,
gqa,Ga'anda,Kaandata,,
gby,Gbari,Gbari,,
grh,Tugbiri-Niragu,Tugbiri,,
grh,Tugbiri-Niragu,Tugbiri-Niragu,,
ank,Goemai,Ga̱mai,,
gkn,Gokana,Gokana,,
gde,Gude,Guɗe,,
hau,Hausa,Hausa,,
hbb,Nya Huba,Huba,,
nat,Cahungwarya,Cәhungwә̀ryə̀,,
hwo,Hwana,Tuftera,,
idu,Idoma,Idoma,,
ldb,Duya,Idṹ,,
igl,Igala,Igala,,
ibo,Igbo,Igbo,,
ikk,Ika,Ika,,
ikw,Ikwere,Ikwerre,,
iri,Rigwe,Rigwe,,
its,Isekiri,Iṣekiri,,
iso,Isoko,Isoko,,
atg,Ivbie North-Okpela-Arhe,Okphela,,
izr,Izere,Izere,,
ijc,Izon,Ịzọn,,
jib,Jibu,Jibu,,
kaj,Jju,Jju,,
kaj,Jju,Kәjju,,
kad,Adara,Ànda,,
gel,ut-Ma'in,ut-Ma'in,,
ijn,Kalabari,Kalaḇari Bibi,,
kcq,Kamo,Nubama,,
hig,Kamwe,Vәcәmwe,,
hig,Kamwe,Kamwə,,
knc,"Kanuri, Yerwa",Yerwa Kanuri,,
knc,"Kanuri, Yerwa",Kanuri,,
okr,Kirike,Kịrịkẹ,,
bcs,Hohumono,Hohumono,,
kez,Kukele,Kukele,,
mgi,Migili,Lijili,,
yaz,Lokaa,Lokạạ,,
lnu,Longuda,Nungurama Nyuar,,
mda,Mada,Mada,,
mzk,"Mambila, Nigeria",Ju Nɔri,,
mrt,Marghi Central,Margi,,
mfm,Marghi South,Margi,,
mfo,Mbe,Mbe,,
sur,Mwaghavul,Mwaghavul,,
nin,Ninzo,Ninzo,,
nup,Nupe-Nupe-Tako,Nupe,,
nja,Nzanyi,Wur Nzanyi,,
ann,Obolo,Obolo,,
odu,Odual,Ọḍual,,
ogc,Ogbah,Ọgba,,
pip,Pero,Péerò,,
pcm,"Pidgin, Nigerian",Naijá,,
piy,Piya-Kwonci,Ambandi,,
png,Pangu,Ta̱rin,,
res,Reshe,Tsureshe,,
cla,Ron,Run,,
ccg,Samba Daka,Sama Mum,,
ndi,Samba Leko,Sama,,
tal,Tal,Tal,,
yer,Tarok,iTárók,,
tsw,Tsishingini,Tsishingini,,
tul,Tula,KiTulɛ,,
kcg,Tyap,Tyap,,
urh,Urhobo,Urhobo,,
yba,Yala,Yala,,
yes,Nyankpa,Nnaŋkpa,,
yor,Yoruba,Èdè Yorùbá,,
fuq,"Fulfulde, Central-Eastern Niger",Fulfulde,,
fuh,"Fulfulde, Western Niger",Fulfulde,,
fuh,"Fulfulde, Western Niger",ڢُلْڢُلْدٜ,T,Fulfulde
kby,"Kanuri, Manga",Manga,,
ttq,"Tamajaq, Tawallammat",Tamajaq,,
thz,"Tamajeq, Tayart",Tamajeq,,
twq,Tasawaq,Ingalkoyyu',,
dje,Zarma,Zarmaciine,,
dje,Zarma,Zarma sanni,,
niu,Niue,Vagahau Niuē,,
cal,Carolinian,Refalúwasch,,
fkv,"Finnish, Kven",Kväänin kieli,,
fkv,"Finnish, Kven",Kvääni,,
nor,Norwegian,Norsk,,
sme,"Saami, North",Sámegiella,,
acx,"Arabic, Omani Spoken",عماني,T,ʿumāni
bgp,"Balochi, Eastern",بلوچی,T,Balochi
bcc,"Balochi, Southern",بلوچی,T,Balochi
bcc,"Balochi, Southern",Balóchi,,
bgn,"Balochi, Western",بلوچی,T,Balochi
bft,Balti,بلتی,T,Baltī
brh,Brahui,براہوئی,T,brāhūʾī
bsk,Burushaski,Burushaski,,
bsk,Burushaski,بروشسکی,T,Burushaski
mki,Dhatki,ڍاٽڪِي,T,Dhatki
khw,Khowar,کھووار,T,Khowar
awb,Awa,Ahwa,,
auy,Awiyaana,Awiyaana,,
bjh,Bahinemo,Bahinemo,,
bcf,Bamu,Bamu Owera,,
byz,Waran,Waran,,
dww,Dawawa,Dawawa,,
hmt,Hamtai,Hamtai,,
wos,Hanga Hundi,Hanga Hundi,,
tmd,Haruai,Haruai,,
kjs,"Kewapi, East",adaa agale,,
gjk,"Koli, Kachi",گجراتی کچی کوہلی,T,Gujarati Kuchi Kohli
kvx,"Koli, Parkari",پارڪرِي,T,Parkari
mve,Marwari,مارواڑی,T,Mārwāṛī
pnb,"Punjabi, Western",پنجابی,T,Panjābī
pst,"Pashto, Central",پښتو,T,Pashto
pbu,"Pashto, Northern",پښتو,T,Pashto
skr,Saraiki,سرائیکی,T,Saraiki
scl,Shina,شینا,T,Shina
snd,Sindhi,سنڌي,T,Sindhi
trw,Torwali,توروالی,T,Torwali
urd,Urdu,اُردُو‎,T,Urdū
pau,Palauan,Tekoi ra Belau,,
sam,Samaritan Aramaic,ארמית,T,Arāmît
sab,Buglere,Buglere,,
emp,"Emberá, Northern",Embera,,
cuk,"Kuna, San Blas",Duleigaiya,,
grw,Gweda,Gweda,,
hah,Hahon,Rautsuiiri,,
hao,Hakö,Hakö,,
ybo,Yabong,Yabong,,
ygr,Yagaria,Yagaria,,
sgb,"Ayta, Mag-antsi",Ayta Mag-Antsi,,
blx,"Ayta, Mag-Indi",Ayta Mag-Indi,,
blw,Balangao,Finarangao,,
ncf,Notsi,Notsi,,
klt,Nukna,Nukna,,
gym,Ngäbere,Ngäbere,,
tfr,Teribe,Naso,,
kbt,Abadi,Abadi,,
aau,Abau,Abau,,
adz,Adzera,Adzera,,
aez,Aeka,Aeka,,
agd,Agarabi,Agarabi,,
miw,Akoye,Akoye,,
amp,Alamblak,Alamblak,,
amn,Amanab,Awai,,
amm,Sawiyanu,Sawiyanu,,
abt,Ambulas,Abulas,,
aey,Amele,Amele,,
agm,Angaataha,Angaataha,,
akh,Angal Heneng,Angal Heneng,,
age,Angal,Angal Heneng,,
boj,Anjam,Anjam,,
aak,Ankave,Aga pɨ'ne',,
aui,Anuki,Anuki,,
ena,Apal,Apalɨ,,
stk,Aramba,Arammba,,
aon,Weri,Weri,,
mwc,Are,Are,,
aai,Miniafia Oyan,Miniafia,,
apr,Arop-Lokep,Arop-Lokep,,
aps,Orop,Orop,,
msy,Aruamu,Aruamɨn Akam,,
mtv,Asaro'o,Asarɨ’o,,
eiv,Askopan,Askopan,,
kud,'Auhelawa,'Auhelawa,,
avt,Au,Au,,
bcu,Awad Bing,Awad Bing,,
bcm,Bannoni,Tsunari,,
bbb,Barai,Barai,,
bch,Bariai,Bariai,,
bjk,Barok,Barok,,
bjz,Baruga,Baruga,,
byr,Yipma,Yɨ'mayagaala,,
bbd,Fulumu,Fulumu,,
beo,Bedamuni,Bedamuni,,
big,Biangai,Biangai,,
brz,Bilbil,Bel,,
bxf,Minigir,Minigir,,
bhl,Bimin,Bimin,,
bhg,Binandere,Binandere,,
bon,Bine,Bine,,
bjr,Binumarien,Afaqinna ufa,,
bnw,Bisis,Bises,,
mcc,Bitur,Bitur,,
bzf,Boikin,Yangoru,,
bnp,Bola,Bola-Bakovi,,
ksr,Borong,Boroŋ,,
mux,Bo-Ung,Bo-Ung,,
brq,Breri,Bnyoqko,,
buk,Bugawac,Bugawac,,
bxh,Buhutu,Buhutu,,
bdd,Bunama,Bunama,,
bmu,Somba-Siawari,Somba-Siawari,,
bwd,Bwaidoka,Bwaidoka,,
tte,Bwanabwana,Bwanabwana,,
tte,Bwanabwana,Tubetube,,
mps,Dadibi,Dadibi,,
dgz,Daga,Daga,,
ded,Dedua,Dedua,,
dob,Dobu,Dobu,,
doa,Dom,Dom,,
kqc,Doromu-Koki,Doromu-Koki,,
duc,Duna,Yuna,,
etr,Edolo,Edolo,,
enq,Enga,Eŋa,,
twp,Ere,Ede,,
fai,Faiwol,Faiwol,,
faa,Fasu,Namo Me,,
ffi,Foia Foia,Foia Foia,,
foi,Foi,Foe,,
ppo,Folopa,Folopa,,
frq,Forak,Forak,,
gbf,Gaikundi,Gaikundi,,
pwg,Gapapaiwa,Gapapaiwa,,
gdd,Gedaged,Gedaged,,
bmk,Ghayavi,Ghayavi,,
gim,Gimi,Gimi,,
gip,Gimi,Gimi,,
tof,Gizrra,Gizrra,,
gvf,Golin,Golin ka,,
ghs,Guhu-Samane,Guhu-Samane noo,,
gvs,Gumawana,Gumawana,,
auk,Heiyoho,Heiyoho,,
hot,Malei,Malei,,
hul,Vula'a,Vula'a,,
hui,Huli,Huli,,
yml,Iamalele,Vona Ubuvala,,
ian,Iatmul,gepmakudi,,
viv,Iduna,Bona Iduna,,
mzu,Inapang,Inapang,,
ino,Inoke-Yate,Inoke-Yate,,
kbm,Iwal,Iwal,,
nca,Iyo,Iyo,,
kxa,Kairiru,Kairiru,,
kqf,Kakabai,Kakabai,,
kmh,Kalam,Kalam,,
bco,Kaluli,Kaluli,,
kbq,Kamano,Kamano-Kafe,,
kms,Kamasau,Wand Tuan,,
soq,Kanasi,Kanasi,,
kqw,Kandas,Kandas,,
wat,Kaninuwa,Kaninuwa,,
kmu,Kanite,Kanite,,
tbx,Kapin,Nambei nyon,,
yuj,Karkar-Yuri,Karkar,,
bbv,Karnai,Karnai,,
khs,Kasua,Kasua,,
kmg,Kâte,Kâte dâŋ,,
pss,Kaulong,Kaulong,,
keh,Mevembet,Mevembet,,
gat,Aziana,Aziana,,
kxz,Kerewo,Kerewo,,
kpw,Kobon,Kobon,,
kqi,Koita,Koita,,
klx,Koluwawa,Koluwawa,,
xbi,Kombio,Akwun,,
kxw,Konai,Kala̱i̱,,
kpr,Korafe-Yegha,Korafe-Yegha,,
koz,Amako,Amako,,
kze,Kosena,Kóséna,,
kqb,Kovai,Alngubin,,
ksd,Kuanua,Tinata Tuna,,
kue,Kuman,Kuman,,
kvg,Kuni-Boazi,Kuni-Boazi,,
pep,Kanja,Kanja,,
kto,Kuot,Kuot,,
ktm,Kurti,Kurti,,
kwj,Kwanga,Kwanga,,
kwo,Kwomtari,Glefe,,
kyc,Kyaka,Kyaka,,
lbb,Label,Label,,
lih,Lihir,Lihir,,
meu,Motu,Motu,,
hmo,"Motu, Hiri",Hiri Motu,,
tgc,Tigak,Tigak,,
jae,Yabem,Jabêm,,
sse,"Sama, Balangingih",Sama Bangingih,,
sse,"Sama, Balangingih",Bangingih,,
bno,Bantoanon,Bantoanon,,
bno,Bantoanon,Asi,,
mta,"Manobo, Cotabato",Menubù,,
mbd,"Manobo, Dibabawon",Dibabawon,,
uvl,Lote,Lote,,
mzz,Maiadomu,Maiadomu,,
tnh,Maiani,Maiani,,
sks,Maia,Maia,,
mgu,Magi,Magi,,
mbq,Maisin,Maisin,,
mti,Maiwa,Maiwa,,
ped,Mala,Mala,,
kdf,Mamusi,Mamusi,,
mva,Manam,Manam pile,,
tbf,Mandara,Madara,,
mbh,Mangseng,Mangseng,,
dad,Marik,Marik od,,
met,Mato,Mato,,
mhl,Mauwake,Mauwake,,
mcz,Mawan,Mawan,,
gai,Mbore,Mborena Kam,,
mna,Mbula,Mbula,,
med,Melpa,Melpa,,
sim,Mende,Mende,,
mxm,Meramera,Meramera,,
mci,Mesem,Mese,,
pla,Miani,Miani,,
mpt,Mian,Mian weng,,
mvn,Minaveha,Minaveha,,
wii,Minidien,Minidien,,
vmg,Vinitiri,Vinitiri,,
vmg,Vinitiri,Vinitiri Lungalungá,,
mpx,Misima-Panaeati,Pana Misima,,
mox,Molima,Molima,,
wiv,Vitu,Pole Vitu,,
mmi,Musar,Amben,,
emi,Mussau-Emira,Mussau,,
emi,Mussau-Emira,Emira,,
tuc,Mutu,Saveeng,,
myw,Muyuw,Aga-Muyuw,,
nas,Naasioi,Naasioi,,
naf,Nabak,Nabak,,
nss,Nali,Nali,,
nvm,Namiae,Namiaiko,,
mxw,Namo,Namo,,
nac,Narak,Narak,,
nsn,Nehan,Nehan,,
nkg,Nekgini,Nekgini,,
nif,Nek,Nek,,
anh,Nend,Nend,,
nnf,Ngaing,Ngaing,,
nii,Nii,Ek Nii,,
nmw,Rifao,Rifao,,
gaw,Nobonob,Nobonob,,
nuq,Nukumanu,Nukumanu,,
nop,Numanggang,Numaŋgaŋ,,
lid,Nyindrou,Nyindrou,,
kkc,Odoodee,Odoodee,,
eri,Ogea,Ogea,,
aom,Ömie,Ömie,,
aun,"One, Molmo",One,,
onn,Onobasulu,Onobasulu,,
ons,Ono,Ono,,
hih,Pamosu,Pamosu,,
gfk,Patpatar,Patpatar,,
ata,Pele-Ata,Ata,,
bye,Pouye,Pouye,,
iar,Purari,Koriki,,
byx,Qaqet,Qaqet,,
rai,Ramoaaina,Ramoaaina,,
kyx,Rapoisi,Rapoisi,,
rwo,Rawa,Rawa,,
rwo,Rawa,Rawa mande,,
roo,Rotokas,Rotokas reo,,
klq,Rumu,Rumuhei,,
wer,Amam,Amam,,
tua,Wiarumus,Wiarumus,,
gdr,Wipi,Wipi,,
wiu,Witu,Witu,,
cbu,Kandozi-Chapra,Kadoazi koko,,
kaq,Capanahua,Capa Baquebo,,
cot,Caquinte,Aguenquetsatsare,,
cbr,Kakataibo-Kashibo,Kakataibo-Kashibo,,
ccc,Chamicuro,Chamekolo,,
cbt,Shawi,Shahui,,
hub,Wampís,Wampís,,
ura,Urarina,Oruarinya,,
apz,Safeyoka,Ampeeli,,
skm,Kutong,Kutong,,
skm,Kutong,Kutong gin,,
sbe,Saliba,Saliba,,
sll,Yui,Yui,,
smq,Samo,Samon,,
snx,Sam,Sam,,
snx,Sam,Songumsam,,
sny,Saniyo-Hiyewe,Hiyewe,,
sps,Saposa,Faa Saposa,,
skc,Ma Manda,Ma Manda,,
ssj,Wia,Witi,,
ssj,Wia,Wia,,
ssg,Seimat,Seimat,,
spl,Selepet,Selepet,,
spm,Akukem,Akɨghɨm,,
sry,Sera,Ser,,
sjr,Siar-Lak,ep warwar anun dat,,
smb,Simbari,Simbari,,
snc,Sinaugoro,Sinaugoro,,
snz,Kou,Kou,,
xsi,Sio,Sio,,
ssd,Siroi,Siroi,,
sso,Essono,Essono,,
siw,Motuna,Motuna,,
aaw,Solong,Solong,,
sol,Solos,Sumoun,,
sdk,Sos Kundi,Sos Kundi,,
swp,Suau,Suau,,
sue,Suena,Suena,,
sua,Sulka,Sulka,,
sgz,Sursurunga,Sursurunga,,
knv,Tabo,Tabo,,
ago,Tainae,Tainae,,
tbg,"Tairora, North",Tairora,,
omw,"Tairora, South",Tairora,,
uar,Tairuma,Tairuma,,
taw,Tay,Tay,,
tbc,Takia,Takia,,
tbs,Tanguat,Tanguat,,
tpa,Taupota,Taupota,,
tbo,Tawala,Tawala,,
tlf,Telefol,Telefol,,
buo,Terei,Terei,,
buo,Terei,Puuiŋ,,
tbj,Tiang,Tiaang,,
tif,Tifal,Tifal,,
ttv,Titan,Titan,,
tpi,Tok Pisin,Tok Pisin,,
zuh,Tokano,Gamoze,,
iou,Tuma-Irumu,Tuma Man,,
lcm,Tungag,Tungag,,
ksj,Uare,Uare,,
uis,Uisai,Uisai,,
gdn,Umanakaina,Umanakaina,,
ubu,Umbu-Ungu,Umbu-Ungu,,
urt,Urat,Urat,,
uro,Ura,Ura,,
urg,Kobuka,Kobuka,,
urg,Kobuka,Wakoro,,
uri,Urim,Urim,,
wnu,Usan,Usan,,
vam,Dumo,Dumo,,
wab,Yote,Yote,,
rro,Waima,Waima,,
lbq,Wampar,Wampar,,
lbq,Wampar,Dzob Wampar,,
wrs,Waris,Walsa,,
wsk,Waskia,Waskia,,
wed,Wedau,Pona Wedau,,
wuv,Wuvulu-Aua,Wuvulu,,
nce,Yale,Yalë,,
yrb,Yareba,Yareba,,
yuw,Yau,Yaö,,
yby,Yaweyuha,Yaweyuha,,
yle,Yélî Dnye,Yélî Dnye,,
yss,Yessan-Mayo,Yamano,,
yon,Yongkom,Yongkom,,
yut,Yopno,Yopno,,
guq,Aché,Aché,,
nhd,"Guaraní, Ava",Ava Guaraní,,
gug,"Guaraní, Paraguayan",Avañe'ẽ,,
mca,Maka,Mak'á,,
cag,Nivaclé,Guisnai,,
pta,Pai Tavytera,Pai Tavyterã,,
tmf,Toba-Maskoy,Enenlhet,,
agr,Awajún,Awajún,,
cpc,Ajyíninka Apurucayali,Ajyéninka,,
amc,Amahuaca,Yora,,
amr,Amarakaeri,aratbuten hua'a,,
anb,Andoa,Simikai,,
arl,Arabela,Tapueyocaca,,
cni,Asháninka,Asháninka,,
boa,Bora,Miamunaa,,
iqu,Iquitu,Akenóiri,,
jqr,Jaqaru,Jaqaru,,
jeb,Jebero,Shiwilu la’la’,,
cbs,Kashinawa,Hãtxa Kuī,,
mcb,Matsigenka,Matsigenka,,
mcf,Matses,Matses,,
not,Nomatsigenga,Nomatsigenga,,
oca,Ocaina,Dyo'xaiya-o-lvo'tsa,,
ore,Maijuna,Maijuna,,
qxu,"Quechua, Arequipa-La Unión",Runasimi,,
quy,"Quechua, Ayacucho",Runasimi,,
quy,"Quechua, Ayacucho",Chanka runasimi,,
qvc,"Quechua, Cajamarca",Kichwa,,
quk,"Quechua, Chachapoyas",Llakwash,,
qur,"Quechua, Chaupihuaranga",Runa Simi,,
qwa,"Quechua, Corongo Ancash",Llaqwash,,
quz,"Quechua, Cusco",Runasimi Qusqu Qullaw,,
quz,"Quechua, Cusco",Runasimi,,
qve,"Quechua, Eastern Apurímac",Runasimi,,
qub,"Quechua, Huallaga",Runa shimi,,
qvh,"Quechua, Huamalíes-Dos de Mayo Huánuco",Runa Simi,,
qwh,"Quechua, Huaylas Ancash",Qichwa,,
qwh,"Quechua, Huaylas Ancash",Anqas Qichwa,,
qvw,"Quechua, Huaylla Wanca",Wanca Nunashimi,,
qvw,"Quechua, Huaylla Wanca",Runa Simi,,
quf,"Quechua, Lambayeque",Linwaras,,
qvm,"Quechua, Margos-Yarowilca-Lauricocha",Runa Shimi,,
qvm,"Quechua, Margos-Yarowilca-Lauricocha",Quechua,,
qvo,"Quichua, Napo",Runa Shimi,,
qvo,"Quichua, Napo",Napo Kichwa shimi,,
qvn,"Quechua, North Junín",Quechua,,
qxn,"Quechua, Northern Conchucos Ancash",Quechua,,
qxh,"Quechua, Panao",Runa shimi,,
qxp,"Quechua, Puno",Runa Simi,,
qvs,"Quechua, San Martín",San Martin Kechwa,,
qvs,"Quechua, San Martín",Llakwash,,
qws,"Quechua, Sihuas Ancash",Quechua,,
qxo,"Quechua, Southern Conchucos",Quechua,,
qup,"Quechua, Southern Pastaza",Inka,,
mcd,Sharanahua,Sharanahuan tsain,,
yad,Yagua,Nijya̱mi̱ Niquejada,,
yaa,Yaminahua,Yaminawá,,
ame,Yanesha',Yanesha',,
pib,Yine,Yine,,
pib,Yine,Yineri tokani,,
dgc,"Agta, Casiguran Dumagat",Agta,,
agt,"Agta, Central Cagayan",Agta,,
agn,Agutaynen,Agutaynen,,
agy,"Alta, Southern",Kabulowan,,
att,"Atta, Pamplona",Atta,,
abp,"Ayta, Abellen",Ayta Abellen,,
abp,"Ayta, Abellen",Abellen,,
abc,"Ayta, Ambala",Ayta Ambala,,
bya,Batak,Batak,,
bcl,"Bikol, Central",Bikol,,
bkd,Binukid,Binukid,,
bpr,"Blaan, Koronadal",Koronadal B'laan,,
bps,"Blaan, Sarangani",Blaan,,
smk,Bolinao,Binobolinao,,
clu,Caluyanun,Caluyanun,,
ceb,Cebuano,Binisaya,,
cbk,Chavacano,Chavacano,,
cyo,Cuyonon,Cuyonon,,
fil,Filipino,Filipino,,
gdg,Ga'dang,Ga'dang,,
mba,Higaonon,Higaunon,,
hil,Hiligaynon,Hiligaynon,,
hil,Hiligaynon,Ilonggo,,
ibl,Ibaloi,Inibaloi,,
ibg,Ibanag,Ibanag,,
ivb,Ibatan,Ibatan,,
ifa,"Ifugao, Amganad",Ipugaw,,
ifb,"Ifugao, Batad",Ipugaw,,
ifu,"Ifugao, Mayoyao",Ipugaw,,
ifk,"Ifugao, Tuwali",Tuwali,,
ifk,"Ifugao, Tuwali",Ipugaw,,
ilo,Ilocano,Ilokano,,
ilk,Bogkalot,Bogkalot,,
abx,Inabaknon,Inabaknon,,
akl,Aklanon,Inakeanon,,
iry,Iraya,Iraya,,
isd,Isnag,Isnag,,
itv,Itawit,Itawit,,
ivv,Ivatan,Chirin nu Ibatan,,
cgc,Kagayanen,Kagayanen,,
kqe,Kalagan,Kalagan,,
kqe,Kalagan,Kagan,,
klg,Tagakaulo,Tagakaulo,,
kyb,"Kalinga, Butbut",Butbut Kalinga,,
kmk,"Kalinga, Limos",Linimos,,
knb,"Kalinga, Lubuagan",Lilubuagen,,
ksc,"Kalinga, Southern",Kinalingka,,
kak,Kalanguya,Kalanguya,,
ify,"Kallahan, Keley-i",Antipolo Ifugao,,
kne,Kankanaey,Kankanaey,,
kyj,Karao,Karao,,
krj,Kinaray-a,Kinaray-a,,
mdh,Maguindanaon,Magindanawn,,
mmn,Minamanwa,Minamanwa,,
msm,"Manobo, Agusan",Minanubu,,
atd,"Manobo, Ata",Minanobo,,
mbi,"Manobo, Ilianen",Menuvù,,
mbt,"Manobo, Matigsalug",Matigsalug,,
obo,"Manobo, Obo",Manobo,,
mbs,"Manobo, Sarangani",Menobò,,
mbb,"Manobo, Western Bukidnon",Menuvù,,
msk,Mansaka,Minansaka,,
sjm,Mapun,Pullun Mapun,,
mrw,Maranao,Maranao,,
msb,Masbatenyo,Masbatenyo,,
pwm,Molbog,Molbog,,
plw,"Palawano, Brooke's Point",Palawano,,
pam,Kapampangan,Kapampangan,,
pag,Pangasinan,Pangasinan,,
rol,Romblomanon,Rumblumãnun,,
sml,"Sama, Central",Sinama,,
slm,"Sama, Pangutaran",Siyama Pangutaran,,
ssb,"Sama, Southern",Sinama,,
ssb,"Sama, Southern",Sinama Tawi-Tawi,,
sbl,"Sambal, Botolan",Hambali,,
xsb,Sambal,Sambalì,,
snl,Sangil,Sangiré,,
syb,"Subanen, Central",Sinubaanen,,
syb,"Subanen, Central",Subanen,,
suc,"Subanon, Western",Subanon,,
laa,"Subanen, Southern",Sinubanen,,
bgs,Tagabawa,Bagobo,,
tgl,Tagalog,Tagalog,,
tbw,Tagbanwa,Tagbanwa,,
tbk,"Tagbanwa, Calamian",Tinagbanwa,,
tsg,Tausug,بَهَسَ سُوگ,T,Bahasa Sūg
tsg,Tausug,Bahasa Sūg,,
tbl,Tboli,Tboli,,
tiy,Teduray,Teduray,,
war,Waray-Waray,Waray-Waray,,
war,Waray-Waray,Waray,,
far,Fataleka,Fataleka,,
nlg,Gela,Gela,,
afr,Afrikaans,Afrikaans,,
kbo,Keliko,Kẹ̃lị̃kọ́,,
arw,Arawak,Lokono Dian,,
djk,Aukan,Okanisi tongo,,
bez,Bena,Kibena,,
bdp,Bende,Sibhēnde,,
yka,Yakan,Yakan,,
epo,Esperanto,Esperanto,,
epo,Esperanto,Lingvo Internacia,,
csb,Kashubian,Kaszëbsczi jãzëk,,
pol,Polish,język polski,T,
prg,Prussian,Prūsiskai,,
rml,"Romani, Baltic",Romani,,
szl,Silesian,ślůnsko godka,,
wym,Wymysorys,Wymysiöeryś,,
mwl,Mirandese,Mirandés,,
por,Portuguese,Português,,
rcf,Réunion French Creole,Kréol rénioné,,
ron,Romanian,Limba română,,
ron,Romanian,româneşte,T,
rmy,"Romani, Vlax",Romani,,
kin,Kinyarwanda,Ikinyarwanda,,
acf,Lesser Antillean French Creole,Kwéyòl,,
svc,Vincentian English Creole,Vincy Twang,,
men,Mende,Mɛnde,,
men,Mende,Mɛnde yia,,
tem,Themne,Themne,,
tkp,Tikopia,Fakatikopia,,
mlu,To'abaita,Toqabaqita,,
mgc,Morokodo,Hᴐ Morokodo,,
mor,Moro,Dhimorong,,
ntk,Ikoma-Nata-Isenye,Eghiikoma,,
irk,Iraqw,Kángw Iraqw,,
jit,Jita,Echijita,,
sbk,Safwa,Shisafwa,,
adh,Jopadhola,Dhopadhola,,
gwr,Gwere,Lugwere,,
ikx,Ik,Icetod,,
smo,Samoan,Gagana Samoa,,
aoa,Angolar,Ngola,,
pre,Principense,Lung'Ie,,
cri,Sãotomense,Sãotomense,,
ars,"Arabic, Najdi Spoken",نجدي,T,Najdi
arb,"Arabic, Standard",العربية,T,al-ʻArabīyah
bqj,Bandial,Gubanjalay,,
bqj,Bandial,Gújjolaay Eegimaa,,
tnr,Ménik,Ménik,,
gsl,Gusilay,Gusiilaay,,
dyo,Jola-Fonyi,Jóola fóoñi,,
csk,Jola-Kasa,Jóola Kaasa,,
krx,Karon,Kuloonaay,,
cwt,Kuwaataay,Kuwaataay,,
cae,Laalaa,Kelaalaa,,
mnk,Mandinka,Mandi'nka kango,,
ndv,Ndut,Ndút,,
snf,Noon,Noon,,
bsc,Oniyan,Oniyan,,
fap,Paloor,Paloor,,
fuc,Pulaar,Pulaar,,
sav,Saafi-Saafi,Saafi-Saafi,,
srr,Serer-Sine,Seereer,,
cou,Wamey,Wameỹ,,
wol,Wolof,Wolof,,
rmn,"Romani, Balkan",Romani,,
rmn,"Romani, Balkan",Romani ćhib,,
srp,Serbian,српски,T,Srpski
crs,Seychelles French Creole,Seselwa,,
kno,Kono,Kɔnɔ,,
kri,Krio,Krio,,
lia,"Limba, West-Central",Hulimba ha,,
lok,Loko,Landogo,,
mbf,"Malay, Baba",Peranakan,,
slk,Slovak,Slovenský Jazyk,,
slk,Slovak,Slovenčina,,
slv,Slovene,Slovenščina,,
slv,Slovene,Slovenski jezik,,
alu,'Are'are,'Are'are,,
aia,Arosi,Arosi,,
bvd,Baeggu,Baeggu,,
blb,Bilua,Bilua,,
mrn,Cheke Holo,Cheke Holo,,
mrn,Cheke Holo,Holo,,
kwd,Kwaio,Kwaio,,
kwf,Kwara'ae,Kwara'ae,,
llu,Lau,Lau,,
lga,Lungga,Luqa,,
mvo,Marovo,Marovo,,
nlz,Nalögo,Nalögo,,
ntu,Natügu,Natügu,,
ojv,Ontong Java,Luangiua,,
stn,Owa,Owa,,
pis,Pijin,Pijin,,
mnv,Rennell-Bellona,Te hegeunga a Mugaba ma Mugiki,,
rug,Roviana,Roviana,,
apb,Sa'a,Sa'a,,
lgl,Wala,Wala,,
ymm,Maay,Af-maay,,
som,Somali,Af-Soomaali,,
som,Somali,Afka Soomaaliga,,
nbl,Ndebele,IsiNdebele,,
nso,"Sotho, Northern",Sesotho sa Leboa,,
tso,Tsonga,Xitsonga,,
ven,Venda,Tshivenḓa,T,Tshivenda
xho,Xhosa,isiXhosa,,
arg,Aragonese,Aragonés,,
ast,Asturian,Asturianu,,
eus,Basque,Euskara,,
cat,Catalan,Català,,
ext,Extremaduran,Ehtremeñu,,
ext,Extremaduran,Barranquênhu,,
fax,Fala,Fala,,
fax,Fala,Nosa Fala,,
glg,Galician,Galego,,
spa,Spanish,Castellano,,
spa,Spanish,Español,,
sin,Sinhala,සිංහල,T,Siṃhāla
acz,Acheron,Garme,,
nyi,Ama,Ámá,,
anu,Anuak,Dha Anywaa,,
pga,Juba Arabic,Arabi Juba,,
pga,Juba Arabic,Arabi,,
apd,"Arabic, Sudanese Spoken",سوداني,T,sūdānī
apd,"Arabic, Sudanese Spoken",Dārijīya,,
avu,Avokaya,Ãvõkáyã,,
bdh,Baka,baká e,,
bfa,Bari,Bari,,
bej,Bedawiyet,بجاوية,T,Bidhaawyeet
bej,Bedawiyet,Bidhaawyeet,,
bej,Bedawiyet,Tubdhaawi,,
bej,Bedawiyet,تُبڈاوِ,T,Tubdhaawi
bxb,Belanda Bor,Di Bor,,
bvi,Belanda Viri,Viri,,
blm,Beli,'Bëlї,,
bot,Bongo,Ndüü Böngö,,
dec,Dagik,Dhaduwa,,
daj,"Daju, Dar Fur",Bekke,,
did,Didinga,Dĩdĩnga,,
dil,Dilling,Warki,,
dip,"Dinka, Northeastern",Thuɔŋjäŋ,,
diw,"Dinka, Northwestern",Thuɔŋjäŋ,,
dib,"Dinka, South Central",Thuɔŋjäŋ,,
dks,"Dinka, Southeastern",Thuɔŋjäŋ,,
dik,"Dinka, Southwestern",Thuɔŋjäŋ,,
fvr,Fur,Poor’íŋ Belé’ŋ,,
tbi,Gaam,Gəəməndən,,
jum,Jumjum,Tüŋ Mäbaan,,
bex,Jur Modo,Mödö,,
koe,"Suri, Kacipo-Bale",Suri,,
kko,Karko,Kakenbi,,
kib,Koalib,Kwɐ̀ɐlîp,,
xom,Komo,Tta Komo,,
kgo,Krongo,Niino mo-di,,
lro,Laro,Laru,,
lpx,Lopit,Hutuk na Lopit,,
lmd,Lumun,Lumun,,
lwo,Luwo,dhe Luuo,,
mfz,Mabaan,Mabaan,,
mqu,Mandari,Mundari,,
mls,Masalit,Masarak,,
mls,Masalit,Kanaa Masarak,,
mgd,Moru,Kala Moru,,
muh,Mündü,Mündü,,
mur,Murle,Murleye,,
loh,Narim,Laarim,,
ndz,Ndogo,Co Ndogo,,
nus,Nuer,Naath,,
lul,Olu'bo,Ọ́lụ́ꞌbọ́ Tị,,
otr,Otoro,Ḏuṯuɽu,,
lot,Otuho,Otuho,,
lkr,Päri,Dhi-Pari,,
atu,Reel,Thuɔk ë Rëël,,
shj,Shatt,Ikä Caning,,
shk,Shilluk,Colo,,
shw,Shwai,Cwaya,,
tex,Tennet,Te̱nne̱tte̱,,
tic,Tira,Zittiro,,
toq,Toposa,ŋatoposa,,
udu,Uduk,Twampa,,
zag,Zaghawa,Beria,,
hns,"Hindustani, Sarnami",Sarnaanie Hiendoestaanie,,
jvn,"Javanese, Suriname",Jawa Suriname,,
srm,Saramaccan,Saamáka,,
srn,Sranan Tongo,Sranan Tongo,,
tri,Trió,Tarëno ijomi,,
way,Wayana,Wayâna,,
ssw,Swati,siSwati,,
fit,Meänkieli,Meänkieli,,
smj,"Saami, Lule",Julevusámegiella,,
sma,"Saami, South",Åarjelsaemiengïele,,
sju,"Saami, Ume",Ubmejensámien giella,,
swe,Swedish,Svenska,,
gsw,"German, Swiss",Schwiizerdütsch,,
roh,Romansh,Rumantsch,,
apc,"Arabic, North Levantine Spoken",شامي,T,Shami
ami,Amis,Amis,,
tay,Atayal,Tayal,,
bnn,Bunun,Bunun,,
ckv,Kavalan,Kbalan,,
pwn,Paiwan,Pinayuanan,,
pyu,Puyuma,Pinuyumayan,,
xsy,Saisiyat,SaySiyat,,
fos,Siraya,Siraya,,
trv,Seediq,Seediq,,
ssf,Thao,Thaw a lalawa,,
tao,Yami,Pongso no Tao,,
tao,Yami,Ciriciring no tao,,
sgh,Shughni,Khugnone,,
tgk,Tajik,тоҷикӣ,T,Tojiki
yai,Yagnobi,Яғнобӣ зивок,T,Yaɣnobī́ zivók
yah,Yazgulyam,Зѓамиѓай,T,Zǵamiǵai
yah,Yazgulyam,Zǵamiǵai,,
wbj,Alagwa,Alagwaisa,,
wun,Bungu,Chɨwʉngʉ,,
bds,Burunge,Burungaisoo,,
fip,Fipa,Ichifipa,,
gog,Gogo,Wagogo,,
han,Hangaza,Igihangaza,,
hay,Haya,Luhaya,,
hay,Haya,Oruhaya,,
heh,Hehe,Kihehe,,
ikz,Ikizu,Ikiikiizʉ,,
cwa,Kabwa,Ekikabhwa,,
kki,Kagulu,Chikagulu,,
kki,Kagulu,Chimegi,,
zga,Kinga,Kɨkɨnga,,
kiz,Kisi,Kikɨsɨ,,
kuj,Kuria,Igikuria,,
kya,Kwaya,Ekikwaya,,
cwe,Kwere,Nghwele,,
lag,Langi,Langi,,
lag,Langi,Kɨlaangi,,
jmc,Machame,Kimashami,,
kde,Makonde,Chimakonde,,
mgq,Malila,Shɨmalɨla,,
mgs,Manda,Kimanda,,
mpa,Mpoto,Chimpoto,,
ndh,Ndali,Chindali,,
ngq,Ngoreme,Kengoreme,,
nim,Nilamba,Kĩnilyamba,,
nyy,Nyakyusa-Ngonde,Kɨnyakyʉsa,,
nym,Nyamwezi,Kinyamwezi,,
rim,Nyaturu,Kinyaturu,,
nih,"Nyiha, Tanzania",Ishinyiha,,
nih,"Nyiha, Tanzania",Shinyiha,,
pbr,Pangwa,Khipangwa,,
piw,Pimbwe,Chɨpɨmbwe,,
piw,Pimbwe,ƗChɨpɨmbwe,,
sad,Sandawe,Sandawegki,,
sbp,Sangu,Shisangu,,
ksb,Shambala,Kishambaa,,
ssc,Suba-Simbiti,Ikisimbëtë,,
suk,Sukuma,Kisukuma,,
swh,Swahili,Kiswahili,,
soz,Temi,GiTemi,,
vid,Vidunda,Chividunda,,
vun,Vunjo,Kivunjo,,
wbi,Vwanji,Kɨvwanji,,
zak,Zanaki,Ekizanaki,,
zaj,Zaramo,Kizaramo,,
zin,Zinza,Zinza,,
zin,Zinza,Echiziinza,,
kxm,"Khmer, Northern",เขมรถิ่นไทย,T,khmĕ :n thìn thai
kdt,Kuay,กูย,T,Kuuy
kdt,Kuay,กวย,T,Kuay
lwl,"Lawa, Eastern",ละเวือะ,T,Lawa
lcp,"Lawa, Western",ละเวือะ,T,Lawa
mfa,"Malay, Pattani",ภาษายาวี,T,Baso Jawi
mra,Mlabri,มละบริ,T,Mlabri
mpz,Mpi,มปี้,T,Mpi
mpz,Mpi,ก้อ,T,Kaw
cbn,Nyahkur,ญัฮกุ้ร,T,Nyah Kur
cbn,Nyahkur,เนียะกวล,T,Niakuol
pht,Phu Thai,ผู้ไท,T,Phu Thai or Phuu Thai
pht,Phu Thai,ภูไท,T,Phu Thai or Phuu Thai
prt,Prai,ไปร,T,Prai
tha,Thai,ภาษาไทย,T,
tts,"Thai, Northeastern",อีสาน,T,Isan
nod,"Thai, Northern",คำเมือง,T,Kam Mueang
sou,"Thai, Southern",ภาษาไทยถิ่นใต้,T,P̣hās̄ʹā thịy t̄hìn tı̂
ade,Adele,Gɩdɩrɛ,,
keu,Akebu,Kǝkpǝǝ-kǝ,,
bqg,Bago-Kusuntu,Bagó,,
bqg,Bago-Kusuntu,Kusuńtú,,
gej,Gen,Gen-Gbe,,
ife,Ifè,Ifè,,
ahl,Igo,Igo,,
kpo,Ikposo,Ikposo,,
kbp,Kabiyè,Kabɩyɛ,,
kbp,Kabiyè,Kabɩyɛ Tɔm,,
las,Lama,Lama,,
mfq,Moba,Muaba,,
nmz,Nawdm,Nawdm,,
gng,Ngangam,Miganganm,,
bud,Ntcham,Ncam,,
kdh,Tem,Tem,,
num,Niuafo'ou,Niuafo'ou,,
ton,Tongan,Faka Tonga,,
aeb,"Arabic, Tunisian Spoken",تونسي,T,Tounsi
aeb,"Arabic, Tunisian Spoken",Derja,,
rwm,Amba,Kwamba,,
luc,Aringa,Ãrị̃ngã tị,,
cgg,Chiga,Rukiga,,
lug,Ganda,Luganda,,
rub,Gungu,Lugungu,,
tuk,Turkmen,Türkmençe,,
tuk,Turkmen,түркменче,T,Türkmençe
tvl,Tuvaluan,Te 'gana Tūvalu,,
ach,Acholi,Acholi,,
keo,Kakwa,Kakuwâ,,
kdj,Ng'akarimojong,ŋaKarimojoŋ,,
koo,Konzo,Lhukonzo,,
tcb,Tanacross,Nee'anděg',,
taa,"Tanana, Lower",Menhti Kenaga,,
tau,"Tanana, Upper",Nee'aaneegn',,
tnk,Kwamera,Nɨninɨfe,,
tnk,Kwamera,Nɨfe,,
lkn,Lakon,Lakon,,
lmu,Lamenu,Lewo-Lamen,,
kdi,Kumam,Kumam,,
kpz,Kupsapiiny,Kupsapiiny,,
laj,Lango,Lëblango,,
lgg,Lugbara,Lʉgbara tɨ,,
mhi,Ma'di,Mãꞌdí,,
snm,"Ma'di, Southern",Ma'di Urule,,
myx,Masaaba,Masaaba,,
myx,Masaaba,Lumasaaba,,
kcn,Nubi,Rutan Nubi,,
nyn,Nyankore,Runyankore,,
nuj,Nyole,Lunyole,,
nyo,Nyoro,Runyoro,,
ruc,Ruruuli-Runyala,Ruruuli-Runyala,,
lsm,Saamya-Gwe,Ólusaamya,,
lsm,Saamya-Gwe,Lusaamya-Lugwe,,
xog,Soga,Lusoga,,
tlj,Talinga-Bwisi,Lubwisi,,
teo,Ateso,Atεsᴐ,,
ttj,Tooro,Rutooro,,
crh,Crimean Tatar,Къырымтатар тили,T,Qırımtatar tili
crh,Crimean Tatar,Къырымтатарджа,T,Qırımtatarca
crh,Crimean Tatar,къырым тили,T,Qırım tili
jct,Krimchak,Кърымчах тыльы,T,Krymchakh Tilyi
rue,Rusyn,русиньскый язык,T,Rusynska mova
ukr,Ukrainian,українська мова,T,Ukrayins'ka mova
rme,Angloromani,Romani,,
rme,Angloromani,Romanes,,
cor,Cornish,Kernewek,,
eng,English,English,,
gla,Scottish Gaelic,Gàidhlig,,
glv,Manx,Gaelg,,
rmw,"Romani, Welsh",Romnimus,,
sco,Scots,Scots,,
cym,Welsh,Cymraeg,,
dcr,Negerhollands,Kreool,,
ale,Aleut,Unangam tunnu,,
apj,"Apache, Jicarilla",Abáachi mizaa,,
pdc,"German, Pennsylvania",Pennsilfaanisch Deitsch,,
pdc,"German, Pennsylvania",Deitsch,,
shh,Shoshoni,Neme ta̲i̲kwappe,,
shh,Shoshoni,Sosoni' ta̲i̲kwappe,,
apm,"Apache, Mescalero-Chiricahua",Ndé bizaa,,
apw,"Apache, Western",Ndee biyáti',,
arp,Arapaho,Hinónoʼeitíít,,
chr,Cherokee,Tsalagi,,
chr,Cherokee,ᏣᎳᎩ ᎦᏬᏂᎯᏍᏗ,T,Tsalagi Gawonihisdi
chy,Cheyenne,Tsėhesenėstsestȯtse,,
ciw,Chippewa,Anishinaabemowin,,
cho,Choctaw,Chahta,,
cho,Choctaw,Chahta Anumpa,,
com,Comanche,Nʉmʉ Tekwapʉ,,
cro,Crow,Apsáalooke,,
dak,Dakota,Dakhóta,,
ing,Deg Xinag,Deg Xinag,,
frc,"French, Cajun",français cadien,,
frc,"French, Cajun",français louisianais,,
haa,Han,Tr’ondëk Hwëch’in,,
hwc,Hawaii Pidgin,Hawaii Pidgin,,
hwc,Hawaii Pidgin,Pidgin,,
haw,Hawaiian,'Olelo Hawai'i,,
win,Ho-Chunk,Hoocąk,,
hop,Hopi,Hopílavayi,,
esi,"Inupiatun, North Alaskan",Iñupiatun,,
esk,"Inupiatun, Northwest Alaska",Iñupiatun,,
kic,Kickapoo,Kikapú,,
kio,Kiowa,Cáuijògà,,
cku,Koasati,Koasati,,
koy,Koyukon,Denaakk'e,,
kuu,"Kuskokwim, Upper",Dinakʼi,,
lkt,Lakota,Lakhótiya,,
lkt,Lakota,Lakȟótiyapi,,
lou,Louisiana Creole,Kouri-Vini,,
lui,Luiseño,Cham'teela,,
mez,Menominee,Mamaceqtaw,,
sac,Meskwaki,Meskwaki,,
mov,Mohave,Macav Chukwar,,
mus,Muskogee,Mvskoke,,
nav,Navajo,Diné Bizaad,,
nav,Navajo,Naabeehó bizaad,,
nez,Nez Perce,Niimi'ipuutímt,,
osa,Osage,Wazhazhe ie,,
pao,"Paiute, Northern",Numu,,
pot,Potawatomi,Bode'wadmi,,
qun,Quinault,kwinaył,,
gul,Sea Island English Creole,Geechee,,
gul,Sea Island English Creole,Gullah,,
see,Seneca,Onödowá'ga:,,
tew,Tewa,Tewa,,
tli,Tlingit,Łingít,,
ood,Tohono O'odham,Oʼodham ha-ñeʼokĭ,,
ood,Tohono O'odham,Oʼodham ñiok,,
tun,Tunica,Luhchi Yoroni,,
wam,Wampanoag,Wôpanâak,,
was,Washo,wá:šiw ʔítlu,,
wiy,Wiyot,Soulátluk,,
ess,"Yupik, Saint Lawrence Island",Yupigestun,,
esu,"Yupik, Central",Yugtun,,
ems,"Yupik, Pacific Gulf",Sugpiaq,,
zun,Zuni,Shiwi'ma,,
kaa,Karakalpak,Қарақалпақ тили,T,Qaraqalpaq tili
kaa,Karakalpak,Qaraqalpaq tili,,
uzn,"Uzbek, Northern",oʻzbek tili,,
uzn,"Uzbek, Northern",ўзбек тили,T,oʻzbek tili
omb,"Ambae, East",Havai,,
nnd,"Ambae, West",Havakinau,,
mmg,"Ambrym, North",Rral,,
mmg,"Ambrym, North",Tolongken,,
tvk,"Ambrym, Southeast",Vatlongos,,
aty,Aneityum,Anejom̃,,
app,Apma,Apma,,
app,Apma,Dalekte,,
bki,Baki,Baki,,
bis,Bislama,Bislama,,
bpa,Daakaka,Daakaka,,
llp,"Efate, North",Nakanamanga,,
erk,"Efate, South",Nafsan,,
lml,Hano,Raga,,
lww,Lewo,Lewo,,
mla,Malo,Tamabo,,
klv,Maskelynes,nasorun ta Uluveu,,
ilb,Ila,Chiila,,
kqn,Kaonde,kiiKaonde,,
olr,Olrat,Olrat,,
pma,Paama,selusien ten out Voum,,
sax,Sa,Sa,,
sax,Sa,Dlo Kêt,,
ske,Seke,Seke,,
erg,Sie,nam Eromaga,,
tgp,Tangoa,Leon Tatangoa,,
tnn,"Tanna, North",Nən-naka,,
nwi,"Tanna, Southwest",Nɨvhaar,,
onu,Unua,Unua,,
upv,Uripiv-Wala-Rano-Atchin,Tirax,,
nmb,V'ënen Taut,V'ənen Taut,,
msn,Vurës,Vurës,,
lat,Latin,Latina,,
car,Carib,Karìna auran,,
pbh,E'ñapa Woromaipu,E'ñepa,,
mch,Maquiritari,Ye'kuana,,
aoc,Pemon,Kamarakotos,,
pid,Piaroa,De'aruwã thiwene,,
yae,Pumé,Pumé,,
xsu,Sanumá,Sanöma,,
guu,Yanomamö,Yanomamɨ,,
yau,Hodï,Jodï,,
bdq,Bahnar,Bahnar,,
hre,Hre,Hrê,,
jra,Jarai,Jơrai,,
jeh,Jeh,Jeh,,
kpm,Koho,Kơho,,
cmo,"Mnong, Central",Bunong,,
nut,Nung,Nohng,,
rad,Rade,klei Êđê,,
rog,"Roglai, Northern",Radlai,,
sed,Sedang,rơtéang,,
blt,Tai Dam,ʼTáy Ðăm,,
blt,Tai Dam,'Táy,,
vie,Vietnamese,Tiếng Việt,,
fud,"Futuna, East",Fakafutuna,,
wls,Wallisian,Fakaʻuvea,,
ayn,"Arabic, Sanaani Spoken",يمني,T,Yamani
sqt,Soqotri,méthel d-saqátri,,
bem,Bemba,IciBemba,,
leb,Lala-Bisa,Chilala,,
lam,Lamba,ChiLamba,,
lam,Lamba,IchiLamba,,
leh,Lenje,Chilenje,,
loz,Lozi,siLozi,,
lun,Lunda,chiLunda,,
lue,Luvale,Luvale,,
lue,Luvale,Chiluvale,,
mgr,Mambwe-Lungu,ichiMambwe,,
nka,Nkoya,Shinkoya,,
nse,Nsenga,Chinsenga,,
mwn,Nyamwanga,Chinamwanga,,
toi,Tonga,Chitonga,,
kck,Kalanga,Tjikalanga,,
kdn,Kunda,Mu Chikunda,,
nmq,Nambya,chiNambya,,
nde,Ndebele,isiNdebele,,
sna,Shona,Chishona,,
max,"Malay, North Moluccan",Bahasa Pasar,,
pmy,"Malay, Papuan",Melayu Papua,,
mqj,Mamasa,Mamasa,,
mqx,Mamuju,Mamuju,,
knx,Kendayan,Kendayan,,
kgr,Abun,Abun,,
ace,Aceh,Aceh,,
ace,Aceh,Bahsa Acèh,,
alp,Alune,Alune,,
aaz,Amarasi,Amarasi,,
bzb,Andio,Andio,,
asy,"Asmat, Yaosakor",Asmat,,
auu,Auye,Auye,,
bhz,Bada,Bádá',,
blz,Balantak,Wurung Balantak,,
ban,Bali,Basa Bali,,
ptu,Bambam,Basa Bambam,,
bjn,Banjar,بنجر,T,Banjar
btx,Batak Karo,cakap Karo,,
bts,Batak Simalungun,Sahap Simalungun,,
bbc,Batak Toba,Batta,,
bvz,Bauzi,Bauzi,,
bep,Behoa,básá Behóá,,
bew,Betawi,Betawi,,
bhw,Biak,Wós Vyak,,
bhw,Biak,Wós Kovedi,,
bug,Bugis,Basa Ugi,,
blf,Buol,Apadu Vuolo,,
mhs,Buru,Buru,,
cia,Cia-Cia,Cia-Cia,,
row,Dela-Oenale,Rote Dela,,
kbv,Dla,Dla,,
nfa,Dhao,Lii Dhao,,
kvo,Dobel,Dobel,,
mvp,Duri,Duri,,
dbf,Edopi,Edopi,,
eip,Lik,Lik,,
ekg,Ekari,Me,,
gbi,Galela,Galelaka,,
gor,Gorontalo,Hulontalo,,
heg,Helong,Helong,,
hap,Hupla,Hupla,,
tmu,Iau,yav ba,,
ind,Indonesian,Bahasa Indonesia,,
jav,Javanese,Jawa,,
kzf,"Kaili, Da'a",Basa Da'a,,
lew,"Kaili, Ledo",Kaili-Ledo,,
kli,Kalumpang,Kalumpang,,
xbr,Kambera,Hilu Humba,,
bpp,Kaure,Kaureki,,
xte,Ketengban,Ketengban,,
kje,Kisar,Bahasa Meher,,
vkl,Kulisusu,Kulisusu,,
kwe,Kwerba,Kwerba,,
nbq,Nggem,Nggem,,
nia,Nias,Li Nias,,
nir,Nimboran,Nmblong nmbuo,,
klw,Tado,Tado,,
llg,Lole,Rote Lole,,
loa,Loloda,Lolodaka,,
lex,Luang,Lteri Lgona,,
lnd,Lundayeh,Buri' Lun Bawang,,
lnd,Lundayeh,Buri' Lun Dayeh,,
mad,Madura,Basa Mathura,,
ayz,Mai Brat,Mai Brat,,
zrs,Mairasi,Mairasi,,
mak,Makasar,Basa Mangkasara',,
abs,"Malay, Ambonese",Malayu Ambong,,
mkn,"Malay, Kupang",Kupang,,
xmm,"Malay, Manado",Bahasa Manado,,
mnx,Sougb,Sougb,,
mwv,Mentawai,Mentawai,,
mej,Meyah,Meyah,,
mog,Mongondow,Mongondow,,
mqn,Moronene,Moronene,,
mtj,Moskona,Moskona,,
mtd,Mualang,Mualang,,
mnb,Muna,Wuna,,
nlc,Nalca,Nalca,,
nlc,Nalca,Mek,,
npy,Napu,Pekurehua,,
nij,Ngaju,Ngaju,,
rgu,Rikou,Rikou,,
hvn,Hawu,Lii Hawu,,
saj,Sahu,Sahu,,
sxn,Sangir,Sangihẹ̆,,
tvw,Sedoa,Sedoa,,
skx,Seko Padang,Sua: tu Padang,,
set,Sentani,Sentani,,
sun,Sunda,Basa Sunda,,
ymn,Sunum,Sunum,,
tby,Tabaru,Tabaru,,
tnm,Tabla,Tepera,,
rob,Tae',Tae',,
txn,"Tarangan, West",Rau Jarjar,,
tlb,Tobelo,Tobelo,,
lbw,Tolaki,Tolaki,,
tdn,Tondano,Toundano,,
sda,Toraja-Sa'dan,Basa Tora'a,,
tzn,Tugun,Tugun,,
tuj,Tugutil,O Totobeloho,,
aoz,Uab Meto,Uab Meto,,
ppk,Uma,Uma,,
mtg,Una,Una,,
wad,Wamesa,Wamesa,,
wad,Wamesa,Wondama,,
wno,Wano,Wano,,
wow,Wawonii,Wawonii,,
wtw,Wotu,Wotu,,
kkl,"Yale, Kosarek",Yale yupu,,
jmd,Yamdena,Tanempar Liriny,,
yva,Yawa,Yawa Unat,,
sdo,Bidayuh Serian,Bidayŭh Bukar-Sadung,,
bdr,"Bajau, West Coast",Sama,,
lra,"Bakati', Rara",Rara Bakati',,
tih,"Murut, Timugon",Timugon,,
tgb,Tobilung,Tobilung,,
txa,Tombonuo,Tangar nu Tombonuo,,
dtp,Kadazan Dusun,Kadazan Dusun,,
iba,Iban,Jaku Iban,,
dtb,"Kadazan, Labuk-Kinabatangan",Tinangaran Kadajan,,
kzi,Kelabit,Kelabit,,
kxi,"Murut, Keningau",Keningau Murut,,
kqr,Kimaragang,Kimaragang,,
ruu,"Lobu, Lanas",Lobu,,
mcm,Malaccan Portuguese Creole,Kristang,,
zlm,Malay,Bahasa Melayu,,
zlm,Malay,ملايو,T,Melayu
meo,"Malay, Kedah",Pelat Utagha,,
msi,"Malay, Sabah",Bahasa Sabah,,
zsm,"Malay, Standard",Bahasa Malaysia,,
zsm,"Malay, Standard",بهاس مليسيا,T,Bahasa Malaysia
drg,Rungus,Momogun,,
sea,Semai,Semai,,
mvv,"Murut, Tahol",Tahol,,
txx,Tatana,Tatana,,
ykg,"Yukaghir, Northern",Юкагир йылме,T,Yukagir yülmye
vot,Vod,Vad́d́a tšeeli,,
vot,Vod,Maatšeeli,,
sah,Yakut,саха тыла,T,Saxa tıla
sah,Yakut,сахалыы,T,saȟalyy
abq,Abaza,абаза,T,Abaza
abq,Abaza,абаза бызшва,T,Abaza byzšva
ady,Adyghe,Адыгабзэ,T,Adəgăbză
ady,Adyghe,Кӏах Адыгабзэ,T,Kiakh Adəgăbză
agx,Aghul,агъул,T,Aġul
agx,Aghul,агъул чӀал,T,Ağul ҫ̇al
atv,"Altai, Northern",Алтай тили,T,Altay tili
alt,"Altai, Southern",алтай тили,T,Altay tili
alt,"Altai, Southern",алтайча,T,Altajča
ani,Andi,къIaваннаб мицци,T,Qwavannab Micci
ani,Andi,мицци,T,Micci
ava,Avar,Авар мацӏ,T,Avar maⱬ
ava,Avar,Магӏарул мацӏ,T,Maⱨarul maⱬ
krc,Karachay-Balkar,Къарачай-Малкъар тил,T,Qaraçay-Malqar til
krc,Karachay-Balkar,Таулу тил,T,Tawlu til
bak,Bashkort,Башҡорт теле,T,Başqort tele
bak,Bashkort,Башҡортса,T,Başqortsa
kap,Bezhta,бежкьалас миц,T,beƶⱡʼalas mic
bxr,"Buriat, Russia",буряад хэлэн,T,buryaad xelen
che,Chechen,Нохчийн мотт,T,Noxchiin mott
ckt,Chukchi,Ԓыгъоравэтԓьэн йиԓыйиԓ,T,Ḷygʺoravėtḷʹėn jiḷyjiḷ
chv,Chuvash,Чӑваш чӗлхи,T,Čăvaš čĕlȟi
chv,Chuvash,Чӑвашла,T,Čăvašla
dar,Dargwa,дарган мез,T,Dargan mez
ddo,Dido,Цез мец,T,Cez mec
ddo,Dido,Цезйас мец,T,Cezyas mec
dlg,Dolgan,Дулҕан,T,Dulğan
enf,"Enets, Forest",Онэй базаан,T,onaj bazaan
myv,Erzya,эрзянь кель,T,erzänj kelj
eve,Even,эвэды торэн,T,eved'i toren
niv,Gilyak,Нивхгу диф,T,Nivxgu dif
niv,Gilyak,Nivxgu,,
izh,Ingrian,Ižoran keel,,
inh,Ingush,гӏалгӏай мотт,T,Ğalğaj mott
inh,Ingush,Гӏалгӏай,T,Ğalğaj
inh,Ingush,Ghalghaj,,
itl,Itelmen,итэнмэн,T,Itėnmėn
jdt,Judeo-Tat,Juwri,,
kbd,Kabardian,Къэбэрдей Адыгэбзэ,T,Qăbărdey Adəgăbză
xal,Kalmyk-Oirat,хальмг келн,T,Xaľmg keln
kim,Karagas,тоъфа дыл,T,tofa dyl
ket,Ket,остыганна ка’,T,Ostyganna ka’
kjh,Khakas,Хакас тілі,T,Xakas tili
kca,Khanty,ханты ясаң,T,hantĩ jasaň
kpv,Komi-Zyrian,Коми кыв,T,Komi kyv
kpy,Koryak,Нымылг’ын,T,Nymylg’yn
kum,Kumyk,Къумукъ,T,Qumuq
lbe,Lak,лакку маз,T,Lakku maz
lez,Lezgi,лезги чӏал,T,Lezgi ҫ̇al
lez,Lezgi,лезги,T,Lezgi
olo,Livvi-Karelian,Livvin kieli,,
lud,Ludian,Lüüdikiel,,
mns,Mansi,Ма̄ньси ла̄тыӈ,T,Māńsi łātyŋ
mns,Mansi,Маньси,T,Man'si
mrj,"Mari, Hill",Кырык мары йӹлмӹ,T,Kyryk mary jÿlmÿ
mrj,"Mari, Hill",кырык мары,T,Kyryk mary
mhr,"Mari, Meadow",олык марий йылме,T,Olyk Marij jylme
mhr,"Mari, Meadow",олык марий,T,Olyk Marij
mdf,Moksha,Мокшень кяль,T,Mokšenj kälj
gld,Nanai,Нанай,T,Nanaj
yrk,Nenets,ненэцяʼ вада,T,nyenetsya’ wada
nio,Nganasan,Ӈана”са,T,Ŋanaʿsa
nio,Nganasan,Ня”,T,Nja’
nog,Nogai,Ногай тили,T,Noğay tili
rus,Russian,русский язык,T,russkij jazyk
rut,Rutul,мыхӏабишды чӏел,T,Myḥabišdy č̣el
rut,Rutul,мыхӏабишды,T,Myḥabišdy
sjd,"Saami, Kildin",кӣллт са̄мь кӣлл,T,Kīllt sām' kīll
sel,Selkup,шӧльӄумыт әты,T,šöľqumyt әty
cjs,Shor,Шор тили,T,Šor tili
cjs,Shor,Тадар тили,T,Tadar tili
chu,"Slavonic, Church",Словѣньскъ,T,Slovyensk
tab,Tabasaran,табасаран чIал,T,tabasaran ҫ̇al
tat,Tatar,татар теле,T,tatar tele
tat,Tatar,татарча,T,tatarça
tyv,Tuvan,тыва,T,tyva
tyv,Tuvan,тыва дыл,T,tyva dyl
ude,Udihe,Удиэ кэйэвэни,T,Udi Keiwani
udm,Udmurt,Удмурт кыл,T,Udmurt kyl
vep,Veps,Vepsän kelʹ,,
vep,Veps,Vepsäks,,
bgx,Balkan Gagauz Turkish,Rumeli Türkçesi,,
diq,"Zazaki, Southern",Dimlî,,
diq,"Zazaki, Southern",Zazakî,,
hrt,Hértevin,ܣܘܪܬ,T,Sôreth
kiu,"Zazaki, Northern",So-Bê,,
kiu,"Zazaki, Northern",Zonê Ma,,
kiu,"Zazaki, Northern",Kırmancki,,
kmr,"Kurdish, Northern",Kurmancî,,
kmr,"Kurdish, Northern",Kurdî-Kurmancî,,
lzz,Laz,Lazuri,,
syc,Syriac,ܠܫܢܐ ܣܘܪܝܝܐ,T,Leššānā Suryāyā
tur,Turkish,Türkçe,,
tru,Turoyo,Surayt,,
pbt,"Pashto, Southern",پښتو‎,T,Pax̌tō
aln,"Albanian, Gheg",Gegnisht,,
cjk,Chokwe,Cokwe,,
mck,Mbunda,Chimbúùnda,,
mhw,Mbukushu,Thimbukushu,,
bnm,Batanga,Batanga,,
ahk,Akha,A˯ka˯daw˯,T,Avkavdawv
huu,"Witoto, Murui",Murui,,
huu,"Witoto, Murui",Huitoto Murui,,
noa,Woun Meu,Woun Meu,,
noa,Woun Meu,Wounaan Meu,,
dyu,Jula,Julakan,,
tet,Tetun,Tetun,,
acu,Achuar-Shiwiar,Achuár chícham,,
tir,Tigrigna,ትግርኛ,T,Tigrinya
rmo,"Romani, Sinte",Romanes,,
afb,"Arabic, Gulf Spoken",خليجي,T,Khaliji
kdr,Karaim,Karaj Tili,,
rup,Aromanian,Armani,,
ktz,Juǀ'hoansi,Juǀ'hoansi,,
rmc,"Romani, Carpathian",Romanes,,
cog,Chong,พะซาช์อง,T,pha sāch̒ xng
chn,Chinook Wawa,Chinuk Wawa,,
tus,Tuscarora,Ska:rù:rę',,
oss,Ossetic,ирон æвзаг,T,iron ævzag
rmq,Caló,Caló,,
emx,Erromintxela,Erromintxela,,
lvs,"Latvian, Standard",Latviski,,
lvs,"Latvian, Standard",Latviešu valoda,,
ltg,Latgalian,Latgališu,,
ubl,"Bikol, Buhi'non",Bikol-Boînën,,
ubl,"Bikol, Buhi'non",Boînën,,
prf,Paranan,Paranan,,
apf,"Agta, Pahanan",Pahanan,,
sgd,Surigaonon,Surigaonon,,
lut,Lushootseed,dxʷləšucid,,
nxq,Naxi,Naqxi,,
tkg,"Malagasy, Tesaka",Tesaka Malagasy,,
drc,Minderico,Minderico,,
drc,Minderico,Piação dos Charales do Ninhou,,
pap,Papiamentu,Papiamentu,,
krs,Gbaya,Gbäyä,,
zkd,Kadu,Asak,,
csv,"Chin, Sumtu",Cumtu,,
csv,"Chin, Sumtu",Sumtu Chin,,
clt,"Chin, Lautu",Lautu Chin,,
clj,"Chin, Laitu",Laitu Chin,,
cth,"Chin, Thaiphum",Thaiphum,,
ntx,"Naga, Tangkhul",Tangkhul Naga,,
npg,"Naga, Ponyo-Gongwang",Ponyo Naga,,
npg,"Naga, Ponyo-Gongwang",Gongwang Naga,,
tvu,Tunen,Tunen,,
fkk,Kirya-Konzel,myá Kákíryà,,
fkk,Kirya-Konzel,myá Kónzə̀l,,
azd,"Nahuatl, Eastern Durango",Meshikan de San Pedro Shikora,,
azn,"Nahuatl, Western Durango",Meshikan de San Agustin Buenaventura y de Santa Cruz,,
wrk,Garrwa,Karawa,,
dgw,Daungwurrung,Taungurung,,
njz,Nyishi,Nil,,
dgl,Andaandi,Andaandi,,
xnz,Mattokki,Mattokki,,
dty,Dotyali,डोट् याली,T,Dotyali
spv,Sambalpuri,କୋଶଳୀ,T,Koshali
jgk,Gwak,Gwak,,
ckn,"Chin, Kaang",Kaang Chin,,
svm,Slavomolisano,Na-našu,,
eza,Ezaa,Ezaa,,
gmz,Mgbolizhia,Mgbolizhia,,
izz,Izii,Izii,,
iqw,Ikwo,Ikwo,,
dnj,Dan,Dã̀ã̀,,
bjp,Fanamaket,Fanamaket,,
zgh,"Tamazight, Standard Moroccan",ⵜⴰⵎⴰⵣⵉⵖⵜ ⵜⴰⵏⴰⵡⴰⵢⵜ,T,tamaziɣt tanawayt
zgh,"Tamazight, Standard Moroccan",ⵜⴰⵎⴰⵣⵉⵖⵜ,T,tamaziɣt
sty,Siberian Tatar,Себер тел,T,Seber tel
sty,Siberian Tatar,Сыбыр тел,T,Sybyr tel
sty,Siberian Tatar,Себертатарца,T,Sebertatartsa
sty,Siberian Tatar,Сыбырца,T,Sybyrtsa
spn,Sanapaná,Nenlhet,,
enl,Enlhet,Enlhet,,
enx,Enxet,Enxet,,
nrf,Guernésiais,Dgernesiais,,
sgs,Samogitian,Žemaitiu,,
fao,Faroese,Føroyskt,,
dwy,Dhuwaya,Dhuwaya,,
esg,"Gondi, Aheri",कोयम,T,Koyam
esg,"Gondi, Aheri",गोंडी,T,Gondi
wsg,"Gondi, Adilabad",కోయంగ్,T,Koyang
wsg,"Gondi, Adilabad",గోండి,T,Gondi
olu,Kuvale,Kuvale,,
olu,Kuvale,Olukuvale,,
ilp,Iranun,Iranun,,
ovd,Övdalian,Övkallmå̢leð,,
lth,Thur,Lëb Thur,,
ukk,Muak Sa-aak,Muak Sa-aak,,
xdo,Kwandu,Kwandu,,
xdo,Kwandu,Olukwandu,,
hyw,"Armenian, Western",արեւմտահայերէն,T,arevmdahayerên
cnr,Montenegrin,црногорски,T,Crnogorski
dwz,Dewas Rai,राई दनुवार,T,rāī danuwār
dwz,Dewas Rai,राई,T,rāī
dno,Ndrulo,Ndrŭló,,
uth,ut-Hun,it-Hun,,
tvx,Taivoan,Taivoan,,
szy,Sakizaya,Sakizaya,,
uki,Kui,କୁଇ,T,Kui
uki,Kui,କୁଟିଆ,T,Kutia
gef,Gerai,Gorai,,
sdq,Semandang,Semandang,,
ckm,Chakavian,Čakavski,,
bpe,Bauni,Bauni,,
xnq,Xingoni,Xingoni,,
xnj,Chingoni,Chingoni,,
tyy,Tiyaa,Tiyaa,,
hkh,Khah,Khah,,
rsk,Ruthenian,руски,T,Ruski
xdq,Kaitag,Хайдакьан,T,Xajdaqan
ugh,Kubachi,Гӏугъбуган,T,Ghug’bugan
zcd,"Zapotec, Las Delicias",Didza Xhidza,,
lgo,Lango,Lango,,
cnq,Chung,Chuŋ,,
pzh,Pazeh,Pazeh,,
